id,name
1,AXCIJDUB
2,KXSILEH
3,GFCCDVO
4,IBV
5,GP
6,FOW
7,HMVRYTGSN
8,GSFNZCRDD
9,CRDZOPW
10,MGTFFLH
11,FFGKQF
12,L
13,ARGCDQ
14,NKVSFTE
15,FGW
16,DNSLLO
17,VJPRZSCSMU
18,AEBRJBXOX
19,CPGNHE
20,CBYIUVJJC
21,BWHD
22,AF
23,G
24,KBURWJI
25,AGYSWX
26,DKUVQICILP
27,AMFVCM
28,AWYWUYUHLE
29,CXSZYWPMQ
30,FHJ
31,RK
32,PGDTZOJSBG
33,OFPQVFVQG
34,AVSMWRONF
35,E
36,TDIZPUSGD
37,BT
38,FRZJZRWZ
39,BSK
40,AH
41,IWKN
42,DUBLILEUY
43,SSV
44,DPDHIJB
45,DWJPKVJV
46,JF
47,RYLPCC
48,NMVOUYBST
49,LWBYPV
50,B
51,CZHHEKKI
52,EPP
53,GHPF
54,CFKSHM
55,DFY
56,GBJNHPD
57,FOWOZE
58,GPC
59,QFVIL
60,OB
61,NR
62,AJ
63,ARGLEWGKRP
64,MBMOKCLRPD
65,ANVOP
66,QJUHOBMV
67,BB
68,CICZTGWE
69,FFVI
70,AWK
71,BWTQSFTTB
72,ONNSDZMZ
73,CJHKD
74,EP
75,FYTCFQEKU
76,TYERKKCRB
77,AFNFYFRONU
78,GJ
79,EYEMLGTCWG
80,NC
81,LXWBMDOQUR
82,BVNDSRGFF
83,JX
84,EOMKSSIPGI
85,IYH
86,RMNTOKVB
87,E
88,RSZ
89,KS
90,AGCCHS
91,AXRPEG
92,FENBSJSHBX
93,A
94,JVMSGH
95,SCQ
96,BO
97,GMGU
98,AKKPKLD
99,B
100,GRIL
101,BZTPO
102,TCFDZXNSI
103,ADOFV
104,DSGKDERC
105,DWTRGG
106,ADGDH
107,DQHPS
108,ADSBKTH
109,KVDZONKLC
110,COR
111,C
112,OCK
113,CM
114,EVHT
115,AK
116,FB
117,APSUCGN
118,MVBIYU
119,CEKVQRJLR
120,GH
121,KNP
122,JZ
123,KFWSJXYVI
124,CUH
125,DBXJXXMRX
126,BEO
127,IJZ
128,HGUZ
129,KF
130,GWDMTPEJJ
131,MZKNN
132,MZXNK
133,ADCIPUZ
134,BZRWQCQK
135,CXCJZQ
136,CCRYMQJE
137,FQVVBYWWU
138,MGIFETVJK
139,CZEHTJ
140,DWJYUTH
141,NJTCHHOIZY
142,MOZOKSCWH
143,CRYKQ
144,SJPE
145,HECP
146,OLRJZXWDXD
147,CGHFRZCD
148,DEIQGGSWZ
149,JWKHJJD
150,JDWVGPYO
151,BCCBUSNKM
152,WBYREMPQQ
153,DEDY
154,CZNLMJGZIU
155,A
156,PVSINJOSW
157,AVNYR
158,CNY
159,BIPQCQR
160,DFNPT
161,DNNXEH
162,AE
163,ALXPVR
164,ERRLZTZ
165,B
166,EKCDGZZM
167,IGJQFCXMU
168,DMEL
169,I
170,AVJZY
171,ESMITXCXOK
172,AD
173,AEOGFO
174,HSBWZ
175,JKVNEWRES
176,IMJPI
177,HWRPLIDZ
178,BBEKYOTGP
179,LIIJUB
180,FWY
181,AI
182,GLML
183,CDSSOUFVR
184,BN
185,AVBFKTH
186,LEU
187,C
188,AOZXHDYC
189,DTKRUPWJO
190,ACS
191,LG
192,G
193,BLODP
194,GNGLQ
195,LYQ
196,EJTTXDNV
197,CZNMEYZ
198,B
199,JYUKTTNS
200,ESQGDWC
201,CYZE
202,ELI
203,EZXGNBMSW
204,E
205,PZLLMX
206,MXSOY
207,FX
208,FSMXVRX
209,IFITUCZRR
210,RNXFM
211,AEGHIOF
212,GXKF
213,ECLHGCI
214,FLGDCJMI
215,VE
216,AHYZL
217,AFEDC
218,IMISOS
219,KCHCSSMUX
220,J
221,BFLKUCELW
222,GBDZYCP
223,HD
224,DXYCFRON
225,AZR
226,FJHTTF
227,DWHPEJ
228,OZVDJSJE
229,FWHEPVKWKU
230,FLNGT
231,ATORIDJQP
232,AIUPFPH
233,INIQNF
234,EGPFGXFSUF
235,IZH
236,NLCHWYS
237,DFDLEJF
238,AFD
239,LNLTJZ
240,BIIMJKH
241,Q
242,AGLEVNZ
243,NIBBVTKFNV
244,UWZRWXRK
245,HPVMFSIUU
246,RXSSNUUE
247,DDV
248,UNXV
249,AZXVMWQEKX
250,JQGDMCGIS
251,B
252,A
253,GFIOCHJC
254,J
255,EFUSV
256,JEMNVDBN
257,O
258,C
259,AQZ
260,UENDKYB
261,F
262,TW
263,AWBXRG
264,IR
265,DGOJ
266,D
267,BRO
268,RIVQRV
269,GPTWDKVQVK
270,NTFUUIX
271,ECKJFY
272,JMFLKHIFY
273,F
274,DPE
275,CKGG
276,AHEDXRG
277,IZTGUKPUJ
278,HG
279,CLLDIX
280,D
281,CCTS
282,AVXICIJ
283,HEBFTJBERH
284,NGGSBVH
285,CBGL
286,MLDX
287,EIKUGT
288,DKKWBM
289,AEUT
290,AY
291,LI
292,AJ
293,GTFRIKRIV
294,DKDC
295,ESLQ
296,KHGDL
297,BKUDGGJQEZ
298,QWT
299,RNJ
300,KOQ
301,RWYNCQ
302,KESBNUV
303,COEFQQEI
304,BEXQC
305,C
306,BY
307,EDQBESEC
308,CRGYH
309,AXBIQXTB
310,AIG
311,B
312,CW
313,FFVXETCDK
314,EFZQJNGW
315,A
316,BGVIPV
317,TT
318,ABGCU
319,BUGBFUC
320,ACBCWYZEIZ
321,DRPMGM
322,UIX
323,AHDVE
324,EJZ
325,ASJREZ
326,INPLDM
327,GSSSOP
328,LISW
329,DESBL
330,GYMZMOR
331,BGSKUM
332,F
333,PKGILP
334,AHCTFC
335,MZJX
336,SDGQGVWZL
337,AWZHM
338,F
339,CZIJMDLEIO
340,DRSXKGIF
341,HKYWVZT
342,EIINDGLRJ
343,ENIXSFR
344,CD
345,DXU
346,HCEZTDIJEN
347,BBYQMG
348,EEFBHSFIRK
349,MSNVRQT
350,GZGDJFGB
351,CVFZSYYVIB
352,APPMEH
353,JZMRGP
354,DIVXX
355,BBPE
356,FRBTSBIRKC
357,AOYCHEGTT
358,BHJL
359,AU
360,WWICC
361,EJQCT
362,DTU
363,SUU
364,A
365,K
366,AHEVGY
367,CCNZCIN
368,ILB
369,JDBNHK
370,IMDKU
371,GSW
372,GHVRF
373,DGSDQ
374,DLWX
375,OJYCSV
376,CLMWXY
377,IWZBPHOKQ
378,K
379,CQMSLY
380,PPV
381,C
382,MSXMIX
383,QPDDSZYIPI
384,EQQQK
385,ILPF
386,DYZJHNKQYC
387,KDWHSZGKY
388,AKIMETNCIR
389,BKIJGWS
390,URWF
391,AYM
392,DTT
393,HNPV
394,KRED
395,OMWKDK
396,BNFOTZXTI
397,DHLDYVVD
398,X
399,KOJ
400,FYPDMG
401,POSYXE
402,IGYXHRQ
403,B
404,JZWVK
405,IICOYTVTK
406,AHBZ
407,DVLPKLHR
408,LLERLF
409,ETERHJU
410,C
411,NO
412,LSPZFTLM
413,CRIRPRPIT
414,DJQEH
415,KF
416,QOZ
417,LEDKJJWKIM
418,CQSNGKTJX
419,PZBGJYRH
420,OQ
421,QMZGOBKON
422,B
423,B
424,EGHUYY
425,OXOBYZ
426,DFPIJ
427,FCMZVEUMQ
428,BPFXTMU
429,DV
430,OZC
431,NCKFZLYGC
432,FTDT
433,EVJUHVIWC
434,CMREDRIZF
435,DXHNE
436,ERJL
437,HIJJEQTF
438,E
439,KTLT
440,PDJZZDRQOW
441,NSKTVT
442,IWT
443,AELXVDFU
444,AXNZ
445,CSRJTMG
446,B
447,KG
448,LTIHCUNDVY
449,BQU
450,RTZ
451,FJMJFTR
452,FXCGIY
453,AYRKCWWWRP
454,BMTRZVFOX
455,CPHGFROYVQ
456,OZFPUMCQ
457,RXVSR
458,AKND
459,EHVKNQHHE
460,BHO
461,AWNQHBUZ
462,CSUY
463,AU
464,FYCU
465,N
466,NMYJXY
467,BMXQ
468,B
469,ABLR
470,UYRKKMQC
471,EEE
472,AYKZ
473,AOQ
474,EUPUC
475,DMJR
476,AHMQTX
477,EKVGUSNCTK
478,CKYPKNBZK
479,MU
480,DIHUNIK
481,FBSTTSSGS
482,RHHO
483,MNQ
484,NNN
485,BFR
486,D
487,PKRLY
488,QXOQHF
489,MPZVJZPJB
490,GXYHDNUWUP
491,TZNEG
492,MUOVQUG
493,DIXIKDKWIF
494,MDIGHDIP
495,PWJCFNUNMH
496,JU
497,DPCOMXW
498,FKNOY
499,LIST
500,DU
501,GWDOBEKQFX
502,BHTVZNN
503,HFF
504,GZCIRRGZX
505,AWSQNDOMME
506,CBXPTKVBZU
507,NWOFUNXMU
508,I
509,ADH
510,LURIPTU
511,APTWJ
512,FS
513,BPOOJ
514,G
515,FQJYZP
516,EVYU
517,BCQC
518,AM
519,GSEOPMJNJR
520,DLGD
521,EZ
522,CHJOPFCVX
523,EKPXGFVNO
524,HRVFEWQOFW
525,HSPIXHD
526,APJNUR
527,HRVXVPHYU
528,BHMPFNIKRB
529,AW
530,NQIUB
531,HQJNXM
532,CO
533,QRDGEORQ
534,FJQQ
535,APTXTUHU
536,A
537,IEZJOPDGWW
538,O
539,BOGM
540,CMB
541,FBMRHYL
542,BESPTSWV
543,FMCWUZWBTM
544,CCTXUGJ
545,ENNMWBR
546,FFXWXDEM
547,A
548,KJ
549,DHMHRECRS
550,CI
551,FYOBMPBLI
552,LIOQUG
553,AKTGZBFXVC
554,PCFLGCPC
555,CDUBCV
556,FXTMBKYYB
557,JVKWDZGOE
558,DMZJGSUOYI
559,ENWVITWGR
560,WCNFWZXHQ
561,IKUWCJEYSS
562,FZOVZIZJM
563,SMHL
564,DWLGWSYRWS
565,CIG
566,OYT
567,K
568,BWXFCDEIMG
569,X
570,CWEL
571,C
572,LEH
573,DUFTKUMZW
574,EITBRZIMI
575,EQO
576,MKXVSJTET
577,FTMOT
578,DPTGOYJ
579,CHOUKEKVX
580,BUPLBJJ
581,DCCFQRXUBG
582,H
583,C
584,MPCFQR
585,GWRB
586,DBQISHQBV
587,BSJWQSB
588,BOQMMVUJ
589,AFE
590,BBRPMPKS
591,KCXJMNW
592,ASDGW
593,ETKIQ
594,QCPGSWEHV
595,DUL
596,FBKBD
597,CJCEN
598,ACNLDR
599,SJY
600,DEPMY
601,GOXPMQQ
602,MU
603,WKQM
604,AVWCBBFT
605,GEBPZMUDYL
606,MGQIM
607,BOQU
608,JPSQEEBY
609,BMUSDFEJM
610,BSFLXDV
611,BOIP
612,DXDFPX
613,JXECLIXCM
614,ENWFBB
615,DMGPR
616,MJXN
617,SX
618,MQSMC
619,AKIOEV
620,FM
621,QLO
622,NELDZYEOH
623,NCB
624,FIPYZW
625,GLGWB
626,MMBENX
627,ETEO
628,BMHZKUUS
629,AGW
630,JEMFC
631,PSQXJP
632,PPKU
633,BQCKKHVB
634,UHBWVDYHR
635,DDZHPZBB
636,AKWY
637,C
638,BWPOR
639,OXPRCJEW
640,NYHXYEVO
641,DR
642,ARYOD
643,H
644,OVQTQNDOXT
645,F
646,KBLSOMOXR
647,GQIMHEF
648,DQHJWNXWM
649,E
650,EWKZSPU
651,AOVZG
652,KGPGFZO
653,NVSJDTTVTD
654,GR
655,FXVNL
656,CX
657,EECPUKFS
658,SDU
659,BUFP
660,HRMYOZI
661,ATIWDSJ
662,IXEICVS
663,GO
664,QCKXV
665,AO
666,FWFBVWM
667,BULQFRGY
668,JTJVNOOQDQ
669,KYPTDNHSUW
670,HYYTHGPOJ
671,A
672,GRQEMH
673,DC
674,BRVOGGX
675,AUIWRVJJNU
676,FSPWDHX
677,AXFMYHB
678,KUJY
679,IVXDF
680,TBYHLYSLYV
681,AZU
682,AEICP
683,AFU
684,JBKBMYSQ
685,ITGUUYE
686,HNFDQ
687,D
688,ABNJCNZ
689,MXDQGIJSJ
690,ELJGHDHYK
691,JTBC
692,MYXDITUV
693,A
694,NHQBNR
695,AJUOLJ
696,GD
697,GGEX
698,BR
699,EK
700,O
701,CWOKUNOUXC
702,BE
703,CVMIWXB
704,ULNOZJYRZV
705,PYGE
706,CWTC
707,PKS
708,IRJF
709,FGKEVSFK
710,BMNVESN
711,AHMYLXOFJB
712,LNSNIQBFW
713,HOHEXJ
714,SBEIPTOSZT
715,B
716,CQIH
717,BEEPEFF
718,HDN
719,LTS
720,NT
721,CEUKGKD
722,EQOCMFRIB
723,CTPLDEWG
724,FOPHIBRM
725,CZRBXRRV
726,CGIXKVLO
727,EYQK
728,BEOB
729,AHXL
730,BQLJSG
731,BIHHWOI
732,FOVUL
733,A
734,DK
735,EFWOIQJ
736,AXYO
737,GIZSZX
738,CVY
739,GHSSHMZV
740,EGLMNDGB
741,EOEKGDCV
742,CI
743,MQVZHPBUI
744,MMKQEQVSYL
745,C
746,KQHBM
747,BSO
748,DDIG
749,CNP
750,LFSG
751,IVLQUDW
752,DZ
753,FMOWHRMT
754,FJ
755,JVIVIPRQKK
756,BEUDXB
757,LCTKP
758,BIJW
759,CZOF
760,A
761,FIIJT
762,FO
763,RLHDLOTF
764,DQOBUKB
765,AJ
766,BGKEWZC
767,G
768,JOL
769,ALXBXQLSWB
770,BDZ
771,SRBJGSTRS
772,IWHJ
773,BN
774,CRW
775,KMQDNYWJ
776,KBLUOZH
777,DKSVHLKU
778,KLJYIPD
779,AFSE
780,RHWOHZMQL
781,DKIB
782,HCZLMGMRIG
783,CBXY
784,NWUMQRY
785,APTBR
786,ECDR
787,FGORTRFTSH
788,B
789,H
790,JDCMI
791,KIQQLFOIE
792,B
793,GOCLKXRPHH
794,UPWLTHQV
795,LZUDXPXON
796,LXXS
797,DZHRE
798,BXSMHYU
799,BVVEQJV
800,BHNXH
801,JFSIPGIDJX
802,MLVKO
803,AZNORD
804,CEQUXBJN
805,ECNY
806,AWWF
807,AESEG
808,EMCZLOLZ
809,BVYG
810,GFFRQHJ
811,ELE
812,UVLCTCJHC
813,CIOWCJXOE
814,EDS
815,BGBI
816,TGP
817,BSIWRDSFMF
818,PQCM
819,BXN
820,ALKH
821,KRW
822,BIYEMPEOZ
823,EE
824,CJPGLBV
825,CSB
826,TEM
827,B
828,HJ
829,FXXWVXO
830,S
831,A
832,EFBZUM
833,F
834,HNEVBJOSVI
835,GR
836,BJXUKZKL
837,BVHUWWU
838,JQWKKLKEFO
839,UDSXLWOC
840,HHBFYIWW
841,FOQG
842,LVWHRBYIL
843,PMCVSV
844,MU
845,E
846,JLRHTS
847,F
848,BKYRZRHWLZ
849,KXZU
850,G
851,CVUWSHSZR
852,DSPJTRKUL
853,AVPCRVNV
854,HEMONIJ
855,A
856,IYT
857,C
858,BMRLMO
859,JLZTQIFH
860,CTXD
861,CQ
862,CSGSFTK
863,CWHVSUUJC
864,APTEUKOOMB
865,C
866,QFWLPOBDCS
867,AG
868,H
869,C
870,DHHGV
871,PU
872,ILIY
873,BW
874,GM
875,KOSNOED
876,IMSHE
877,ATEJT
878,C
879,TL
880,DV
881,H
882,PDLIJDUZMM
883,BDBKK
884,QNE
885,DFMLZHKNR
886,AEIFINSDY
887,BDNE
888,FNQGHT
889,RGECHXC
890,DJYPOGBFJU
891,KH
892,M
893,E
894,NR
895,EPU
896,C
897,AOJKRHI
898,BK
899,BM
900,QLN
901,BECHWUF
902,DFRCJ
903,HYDRPT
904,FNRWOIZMFI
905,NDOBKJGL
906,EGDMQZU
907,D
908,ADEIIHZ
909,GVKMUJSWDP
910,JLRXZLHP
911,HJYP
912,OCLD
913,AQVKUR
914,ARQM
915,BBROZ
916,B
917,EJNYUUWD
918,LVKQCC
919,VGPNOTVSI
920,GEBIYRPVEF
921,CJJVU
922,JHQP
923,AMZYTKH
924,UKUJEKEZS
925,AW
926,K
927,MGIVOM
928,FBEZDDFSPF
929,DOTD
930,BNYNT
931,CPOHCOMUML
932,LMNTGSSHIW
933,BQZF
934,DZPVT
935,AHDKKZSK
936,UPXVTECIMW
937,UVREPCVENO
938,FUYZFYOFW
939,LTGSG
940,G
941,EKSZLHHVM
942,B
943,EORRNGR
944,DS
945,CJXNP
946,MKV
947,BHQP
948,JWMNLHPJD
949,CBYEVUOYB
950,GJOG
951,KHO
952,FQZGWGP
953,CDK
954,FEYR
955,J
956,BSEUR
957,DOSPNLZB
958,OPIQZNX
959,JN
960,ACIVRX
961,BK
962,FQIGKLGCQE
963,DZPW
964,ILVKOJ
965,LUP
966,DZCZGTHVUO
967,CUJIDG
968,NOBQ
969,AYMS
970,XXO
971,FFTOHEVOO
972,GMCMII
973,UJE
974,FJXE
975,DKJ
976,IO
977,JLVY
978,HUMG
979,A
980,JOVVN
981,BJDXNGDDG
982,DU
983,CHN
984,F
985,CNN
986,EZNFPJZWF
987,ITIV
988,AFLEVF
989,EBNOXDWE
990,K
991,BXRWZ
992,BLBMROV
993,DV
994,BOEERWWU
995,AMYFCYZT
996,HOYN
997,CDTN
998,BERCQHNYCU
999,CCYTS
1000,DWOBVI
1001,JXER
1002,PRRQVNPF
1003,EUB
1004,MWQS
1005,S
1006,CTORPCHUKZ
1007,BR
1008,BTMXXDJ
1009,JXWRMZX
1010,AUXVIW
1011,CYKLKOUQUY
1012,ADRNIFWKSU
1013,J
1014,JBVYODF
1015,HXRDDOEUS
1016,KERT
1017,R
1018,MTSRPCHMSO
1019,BOYMD
1020,ACFKVQWX
1021,QMJ
1022,ERSIZDJYW
1023,DOXZGHQE
1024,A
1025,EKW
1026,LGTWPHJOJQ
1027,EIFFCNCZ
1028,K
1029,A
1030,LI
1031,NSFJOZHND
1032,MZC
1033,FTOJVNRHLW
1034,AOBYN
1035,IY
1036,ANIEPL
1037,KEZKQ
1038,CJBNNQKXG
1039,D
1040,AZI
1041,JQ
1042,BSDNRWVG
1043,RKPSJKFU
1044,FSID
1045,ESKQSZXQ
1046,ABWGLVH
1047,HRD
1048,IZFYBDEED
1049,FEPOKO
1050,AP
1051,APR
1052,HJLENNXY
1053,FU
1054,QM
1055,HXIWVSN
1056,HV
1057,GEFRMSJ
1058,AWDL
1059,KHJLXVK
1060,RF
1061,AJFEQMQ
1062,ANZFNHPK
1063,AVSM
1064,BHJ
1065,FXOLX
1066,CWCXET
1067,QFMQEHL
1068,AORLO
1069,NXOEVVHCJJ
1070,A
1071,ANJYHGV
1072,FOPMKSV
1073,ENFHHSUXJ
1074,BHSCC
1075,G
1076,P
1077,BUDHFEJJOP
1078,FY
1079,AU
1080,PQV
1081,AGR
1082,GXLR
1083,GIOHVF
1084,BKJLO
1085,DOIZEI
1086,FYQQ
1087,JDMHYWPW
1088,KG
1089,JBNTWR
1090,PIP
1091,FJ
1092,CGH
1093,G
1094,B
1095,JWKFXDDNS
1096,HNFK
1097,EKBFEWPIBP
1098,VBQECQ
1099,AQSIZCCHH
1100,I
1101,AXYRKDW
1102,ADEZ
1103,CG
1104,BIJSN
1105,SJETONSZ
1106,MJIXD
1107,BELENOOH
1108,GOHWTQZLG
1109,CULSCZPD
1110,AWFGMUQP
1111,BOBFXP
1112,HPYS
1113,BW
1114,PF
1115,IP
1116,AW
1117,AFLI
1118,QVWHKQQYP
1119,KO
1120,KCPHYERN
1121,HEY
1122,EGLFOWHRPI
1123,JPZPYXP
1124,DBQKIGQ
1125,C
1126,D
1127,BNY
1128,G
1129,FMFITIY
1130,AZRY
1131,AM
1132,FZJ
1133,ANJ
1134,DJDS
1135,ARLJBLCVRR
1136,IUODUUE
1137,U
1138,ACLERILIC
1139,A
1140,VIFUBMFKUB
1141,HEQHMCSPJ
1142,UJXGXVFJL
1143,H
1144,HGNBW
1145,EJDYWFNT
1146,AIFQE
1147,CDT
1148,F
1149,M
1150,AINXXPR
1151,EF
1152,MHJHBNFGT
1153,K
1154,CYEMU
1155,ENTUDJZK
1156,JXZDY
1157,BLVXD
1158,LQX
1159,DYYVDOKZVO
1160,JFILEJSDLU
1161,BJT
1162,BDWXLOXGCD
1163,AT
1164,IEMUDU
1165,XTUY
1166,AYT
1167,DNPK
1168,GW
1169,FVQQSRLX
1170,IQHUZHIIH
1171,AUNM
1172,WGDJSJPIFZ
1173,GYMR
1174,DGWJMFZXJF
1175,ABUQMIP
1176,RZHSSBRWB
1177,PRSVRS
1178,MRPSNFPTJY
1179,EXS
1180,S
1181,JH
1182,VSZKWOVGJ
1183,FYKNJ
1184,DX
1185,JFSN
1186,MV
1187,JTGJOJVQN
1188,BNVQXQILX
1189,VMKILOWE
1190,EL
1191,ELMX
1192,GYWHJBTNO
1193,B
1194,F
1195,BXNPPHHT
1196,AYXXWPZN
1197,ABP
1198,AU
1199,FDNOEYCBNB
1200,KSQGTFXJYP
1201,DLMCQCQ
1202,JSNFU
1203,ETZ
1204,RMBTH
1205,MYKZRTN
1206,MLW
1207,GXXDVP
1208,BYE
1209,JNDYQG
1210,ECMPMVZE
1211,CQJRRHWB
1212,DTL
1213,BXU
1214,TKPHJ
1215,ALCWYPKSKG
1216,IYX
1217,EWUI
1218,RGRZ
1219,IB
1220,CLEN
1221,FXKJCKXZN
1222,EM
1223,IVYXSNYR
1224,FTE
1225,AVKGIKR
1226,ELIGK
1227,AOKJZ
1228,IYRWWTRLLT
1229,FBDGLUEF
1230,BLW
1231,FWZTFT
1232,PXR
1233,KBQZIZSR
1234,LLXMU
1235,KSZFZBCNL
1236,AIZXK
1237,CY
1238,MGGCQTEEVC
1239,BWBMVT
1240,CQRYVBZ
1241,BJHCQSPOQ
1242,HGOM
1243,SCBZOKPML
1244,MGELVGOZO
1245,ATB
1246,ARPKSGEBG
1247,BDQXBTXEX
1248,BSDQBQFLQI
1249,M
1250,CPOMNLVYL
1251,DSM
1252,HCNQLPEDW
1253,U
1254,LJV
1255,HVJE
1256,CCNDIJXUII
1257,NFIDMVWP
1258,LRZBYQGNWS
1259,BIBEZKSDHX
1260,B
1261,ASOTWCGS
1262,DKPMVKHKPH
1263,A
1264,NWQPI
1265,CCDTN
1266,CWLBL
1267,FSYKJLP
1268,SXLXGIKNIS
1269,EB
1270,B
1271,DKMTNZ
1272,GOY
1273,EOPQMVPYZ
1274,GEVMFKMIFD
1275,JTLKYDG
1276,DCQODLPFDS
1277,DSPI
1278,CJL
1279,BL
1280,ETJOZ
1281,AR
1282,DNOVEMSH
1283,CQBOZGP
1284,GXHQMHTX
1285,RCNG
1286,DDZRWBQN
1287,AJL
1288,DEQFXVCU
1289,BGJGTG
1290,OXX
1291,JXZ
1292,BMZVIZV
1293,CW
1294,PTZKQDF
1295,ASRQFDVO
1296,AGBHHETXOG
1297,GULQYYYCR
1298,IPDR
1299,UX
1300,B
1301,LPSX
1302,BHKRSPVJT
1303,JLQH
1304,LWNMQ
1305,SD
1306,BHFXDBB
1307,BQQO
1308,GJHITZWDT
1309,DIEOP
1310,MJP
1311,BMM
1312,VGQMORX
1313,HEPZIH
1314,MYIZQKTR
1315,BKYS
1316,US
1317,EJZ
1318,QH
1319,JMGI
1320,EXPNYN
1321,LYXNN
1322,RYS
1323,FH
1324,GIDVP
1325,WHLZPQPIJ
1326,KXDL
1327,OKFLJ
1328,NNDEY
1329,KT
1330,BBHDRK
1331,BLFNRTJEL
1332,KDKUYKISK
1333,DHZEVBP
1334,KBOKPUWN
1335,ALPCSVQJRV
1336,RHTSMPILKQ
1337,DYHQQXDG
1338,I
1339,RFVQVEQYPO
1340,AUVEIV
1341,BMNW
1342,EQUNEB
1343,LWEJVZPR
1344,HCINCPY
1345,EZTIL
1346,FDL
1347,I
1348,GNZO
1349,ESZRHWNQOW
1350,CHH
1351,JWZIYT
1352,MGQZJG
1353,EGWHYWHGU
1354,EWIPCWTWDS
1355,HIOI
1356,LU
1357,BX
1358,GJKH
1359,OFRSNLIBMY
1360,FSLEUOF
1361,CDD
1362,JRLGGV
1363,BVOKYCNS
1364,CTOLLOEM
1365,UDYKEIBEOH
1366,LNWN
1367,KCSXJIBE
1368,NZXSJ
1369,GDKZRKFHGU
1370,BVBSZRCQNT
1371,CBRR
1372,AENVFZNBQF
1373,IYJOHGCF
1374,GZEISQIE
1375,IYOJ
1376,CROQ
1377,ETTRNP
1378,LX
1379,DHBOD
1380,B
1381,DEUNEL
1382,BPHBTLUZ
1383,ENXCFS
1384,ESTBXVMI
1385,DSQNJNGO
1386,CIZYPMU
1387,AHKCBDR
1388,FS
1389,ACNMERXOV
1390,ITWVDYB
1391,DCOOEMKZ
1392,ECYOSBMEL
1393,DPQN
1394,ADXWIQPXQ
1395,HGOI
1396,BIN
1397,AEUOH
1398,P
1399,CXRQIHK
1400,RNHRRUE
1401,AI
1402,KZZYCQ
1403,HKB
1404,GVTYDPIPWU
1405,RSLYXZP
1406,H
1407,B
1408,AJ
1409,DTNVCNI
1410,FXIKKX
1411,NVWQSTDIBC
1412,COOHJIVUK
1413,J
1414,LYGRZUU
1415,BFZXL
1416,GBEPG
1417,JICWKRMVJN
1418,P
1419,EYUK
1420,AMXK
1421,FNMD
1422,PQF
1423,NWOMPLPX
1424,CJJMSYWWU
1425,HYQQGB
1426,BSO
1427,TRVZKQECC
1428,APEU
1429,EJIWPVMJQF
1430,BBS
1431,GN
1432,CHUTNLTXQV
1433,IQVYSKU
1434,GQE
1435,GJODVX
1436,AWIDCX
1437,KZEPXTDRXQ
1438,ATBBTDVRC
1439,QBKSM
1440,FIWIKDU
1441,BLWCUDTLUI
1442,BPDCKKCP
1443,EBEQF
1444,HE
1445,JM
1446,FZKEL
1447,MQYX
1448,AECVFWI
1449,AVVPETMKW
1450,KMR
1451,AGQPBE
1452,F
1453,DZQOCB
1454,DS
1455,JGUXKHJI
1456,I
1457,KWKWS
1458,B
1459,AYXZZP
1460,BHPJ
1461,GSDWQNNTXB
1462,N
1463,EHT
1464,GED
1465,ROONB
1466,HHDBKHBVWQ
1467,APCKKDI
1468,BSQGM
1469,EJPVOWCMO
1470,ATWVKW
1471,AQZ
1472,B
1473,E
1474,TTSDOFWDL
1475,JIWULXMIMR
1476,TPCM
1477,IPPHZKCS
1478,GHZB
1479,AEWD
1480,GNSDYROEFI
1481,BOF
1482,BOLQNX
1483,CTNEXNM
1484,H
1485,KVS
1486,ABLPJKHFPZ
1487,CRVVGNMU
1488,SPSJXQIHY
1489,CCGIC
1490,MFEFLZV
1491,DVFH
1492,HPDXJQUI
1493,BJCSXCSREF
1494,KJ
1495,O
1496,SYWOWXWGL
1497,OBPHKOSQ
1498,T
1499,AZQHZC
1500,REOEFBZD
1501,ATZCQPJFC
1502,FCJNPTEY
1503,BN
1504,EXCMH
1505,FW
1506,JPTWVLNDPB
1507,SSC
1508,BXZT
1509,EP
1510,FYJDBFGVI
1511,HT
1512,A
1513,AYGZPG
1514,BNKGENM
1515,BHEHVZYU
1516,BXTNOZP
1517,JTSYPQD
1518,E
1519,BQUWWIVJZ
1520,HTREBVUP
1521,FOHL
1522,DZS
1523,OXMQMZJ
1524,ATEGYPMBIZ
1525,FMCWEQN
1526,NMOJVJSRIV
1527,OFIPLI
1528,ASPX
1529,PLWHRFS
1530,FUGFZ
1531,ASEWUMCP
1532,QREGNNRFTR
1533,YMHETOQ
1534,E
1535,GGOUPZ
1536,ITLKBYO
1537,APNHY
1538,NCFVZF
1539,CKITVSGOZS
1540,USXIHR
1541,FQG
1542,EVSPFMV
1543,BQDLNI
1544,HZGFHDRFBF
1545,TVVQODCPEI
1546,CSZIFT
1547,MHUMF
1548,AGKQPEHN
1549,OGJDXNF
1550,WTYXHPZQ
1551,ASTXU
1552,AUU
1553,BXDEZJ
1554,GSY
1555,APYQJKGF
1556,X
1557,L
1558,LB
1559,EHUWEMSRRT
1560,ETFPVIKH
1561,HVEXSCXPDW
1562,F
1563,NRBD
1564,DBLZZMHLR
1565,RFOLSCRNXZ
1566,GBBLQUHI
1567,AMEJNQH
1568,B
1569,HY
1570,HTZHLDC
1571,HVO
1572,TMGPSM
1573,AUBWVJJOXK
1574,BNGTBP
1575,DSMWYHQPB
1576,G
1577,TGJ
1578,JNHI
1579,JMJTWVB
1580,AV
1581,QHYYT
1582,AQMFPQVJI
1583,MCQI
1584,CCWLD
1585,DQJNXOE
1586,AUFIILL
1587,AYGWNFR
1588,IK
1589,FFEPS
1590,CMRSMBE
1591,ATWVYM
1592,DMULEUXWT
1593,PI
1594,HCXLFUPUK
1595,MTVS
1596,ICUO
1597,BOERV
1598,DFYJGHG
1599,GTUD
1600,GBQCBDFE
1601,GGT
1602,CH
1603,OIWDSBVK
1604,JSFQH
1605,CVVYJS
1606,ACZW
1607,AENN
1608,CMLXPSBK
1609,ASQDZQU
1610,AL
1611,ATRHC
1612,CYYNXU
1613,ESNY
1614,CKDHTKQGTM
1615,THXTN
1616,DMSSJLWOXD
1617,ORJ
1618,BV
1619,CCMEXPINF
1620,JBUJVCVNLS
1621,ICZDSTB
1622,EQN
1623,FNPMSIUF
1624,EHKYLXYDU
1625,BSNTIZEFT
1626,SOPXQI
1627,GXFJBBMEV
1628,AX
1629,JJJCXYE
1630,GBSQPKSV
1631,O
1632,BK
1633,NZ
1634,HOQO
1635,DKX
1636,EV
1637,BGVO
1638,NPXSVF
1639,AO
1640,IYJXB
1641,CNOOQTUESH
1642,S
1643,AKUZK
1644,AKVMOWD
1645,EPSJFP
1646,KOTQINRUY
1647,LISGFCKQH
1648,UUSS
1649,JU
1650,HDOHXWIT
1651,AQRGVIJUP
1652,JZVSFFNXUV
1653,EBNFSJZLZ
1654,ELVVR
1655,GKG
1656,AYS
1657,H
1658,APEBWZSFQU
1659,BUPLWOXCH
1660,CMV
1661,IGG
1662,PKBU
1663,DF
1664,ADKRF
1665,DFSIP
1666,KUGII
1667,AB
1668,GBIJ
1669,OTH
1670,FCGPCV
1671,K
1672,GGTQLOQ
1673,CGLJOTLPOU
1674,GO
1675,IZF
1676,ABHXKW
1677,HHW
1678,GBUVLTDY
1679,IEWZXIUW
1680,JNVQXUP
1681,BZND
1682,BBUHBWFCPR
1683,DMJL
1684,AQKOTPVYJF
1685,UQ
1686,TYFHF
1687,CDCLRBZX
1688,BCY
1689,PQHHGKNNPL
1690,H
1691,JKKZZQFD
1692,DJRCTTPQEW
1693,HHXHQJE
1694,DB
1695,AJ
1696,MGX
1697,GX
1698,NKLXYEMS
1699,B
1700,FVJWZEHB
1701,BXZGJ
1702,KLTWVUHK
1703,C
1704,JKKLUDF
1705,FC
1706,EBLQZJYV
1707,RV
1708,NP
1709,DRCMXGGCKX
1710,MNFS
1711,FRLKZVYQHI
1712,LOYWZB
1713,AFFQLDN
1714,DCQ
1715,C
1716,BLGOULXJUC
1717,AE
1718,RNOO
1719,ITCDTKUJY
1720,GN
1721,FSUPP
1722,UYVYHYV
1723,AXVPKJZFJU
1724,JUNMU
1725,RYUIJW
1726,BQRGRZSK
1727,KZXBMB
1728,BXTKYPUNL
1729,J
1730,G
1731,A
1732,AK
1733,AKZQOBWYHQ
1734,SY
1735,BJKR
1736,N
1737,IT
1738,JLZRHSL
1739,C
1740,BVOUU
1741,EXFLL
1742,CGE
1743,JIS
1744,EZBLBGV
1745,AGK
1746,WKDIHSFQ
1747,AKBVEQ
1748,FPUBW
1749,EEULRYH
1750,BHSVDXCPQ
1751,BRGSXIQFTN
1752,IK
1753,CVJBCI
1754,KPBJNTEP
1755,ATGGZDY
1756,PFR
1757,BEVOQPLJWF
1758,UCHJXXV
1759,DPZV
1760,QFVBSIDMJ
1761,SGLNQEJZ
1762,D
1763,FKVP
1764,RMSWRU
1765,NYCEM
1766,FZUW
1767,BU
1768,EODFU
1769,B
1770,FZPGEEPPXY
1771,CM
1772,QVOKE
1773,LCMXNK
1774,PMD
1775,ECXMXKTHUG
1776,IXCLNRTCFC
1777,BZB
1778,JDGLITIM
1779,G
1780,J
1781,ANRZ
1782,UGVYJXSDR
1783,BJSKB
1784,GOKOP
1785,AJ
1786,C
1787,ALPNPDV
1788,BWBJD
1789,EZ
1790,B
1791,WCDFPF
1792,CVRDF
1793,EMQEI
1794,DXVZSPJCNM
1795,MDHCIWB
1796,MZYGMFJ
1797,DELDPO
1798,FQMHCEUHKD
1799,DRNUBRRHOD
1800,ALZRIUX
1801,ER
1802,HG
1803,ONNIPN
1804,D
1805,QGVTJKFF
1806,EHCSTB
1807,HHMWCNELVD
1808,AX
1809,ER
1810,CTM
1811,NQ
1812,NENNJQ
1813,KQDK
1814,AT
1815,BKE
1816,APMEHSSV
1817,GSOU
1818,BSKROODY
1819,PQIWIFQ
1820,BRSKMPMSJ
1821,BGQMGVVYHK
1822,FMIQT
1823,BVZPPIH
1824,DKTIICEF
1825,HXY
1826,VJ
1827,ELXIO
1828,LDRJ
1829,F
1830,AF
1831,FMEW
1832,OITGC
1833,BRULRYO
1834,BKQPJJK
1835,STT
1836,VBBDJCRP
1837,BS
1838,SKWVJJZO
1839,CPGJEICGP
1840,CRW
1841,EFNDNDIZ
1842,ILKVXN
1843,PT
1844,EF
1845,AWPZQL
1846,G
1847,IVRJEE
1848,BTHFICV
1849,AF
1850,DC
1851,NYZOBH
1852,ABQ
1853,WUJMR
1854,BYNEZ
1855,AQQIY
1856,CJDCNOZSSH
1857,DXOGHYWS
1858,DMUKLQ
1859,ADKCDKNCVU
1860,GWJLSLTTBI
1861,GDHGVGC
1862,LOTWDBL
1863,UIYYUYS
1864,DW
1865,CYHJVJK
1866,EGPGB
1867,J
1868,LXW
1869,COYBQSB
1870,JU
1871,HEWEFMS
1872,HKUHOTD
1873,ACDLBSED
1874,FSLGHX
1875,BJGPMVEYG
1876,YMFLLNQB
1877,LMCUKCUCB
1878,BCFLHMWP
1879,BRUD
1880,ANDN
1881,LGFFXMW
1882,OF
1883,LPPGL
1884,APRU
1885,FNBBH
1886,XMNXGWHBXW
1887,CSNIZUZTN
1888,TOOVXZ
1889,JOODNJN
1890,JSOUOGWJEK
1891,FETRKREJ
1892,EEUDYRUDCB
1893,DV
1894,LPPBB
1895,DPW
1896,ARRHQ
1897,CGJDQ
1898,T
1899,FL
1900,FNIKGRDLW
1901,DJZJUFYBTB
1902,JU
1903,C
1904,EZEPVMP
1905,UXND
1906,BWMPEB
1907,CQJKXYPXRM
1908,B
1909,AFSMQ
1910,BLUGR
1911,AML
1912,BGTSFCFJC
1913,AD
1914,DIFGVZEIP
1915,ENBGSN
1916,MPIUYZ
1917,FKQMMDBJP
1918,GWIFT
1919,CFEJW
1920,BQ
1921,SHKQE
1922,IRR
1923,CC
1924,EH
1925,BME
1926,AZDCWFDP
1927,AGDNTI
1928,AYSF
1929,KOOWXUPXM
1930,AWY
1931,TKHCKH
1932,ALDZKN
1933,MOWIJOD
1934,BNNQBV
1935,LLDHOY
1936,FCRIWNJ
1937,PPKGSXSR
1938,DRKYCXRSW
1939,HIDKR
1940,UQ
1941,JK
1942,HMMPZXOY
1943,D
1944,JCGKNGS
1945,DXGLC
1946,KBXZDQMO
1947,NEU
1948,AYSIX
1949,B
1950,ISNLBCOOWE
1951,BCOGZ
1952,ARLPPVIZPS
1953,IHTBSY
1954,E
1955,ADNYP
1956,P
1957,IZZ
1958,APLOJJQ
1959,USHZZJR
1960,KZKBP
1961,DRTZDYX
1962,CECQLM
1963,AFTGQ
1964,II
1965,ARJKZDHWI
1966,FWSDLYBJJW
1967,AHGPPB
1968,GIIHX
1969,FUIOLR
1970,LNDOM
1971,D
1972,CYMPWMOOZ
1973,BKECU
1974,DYPXRBR
1975,DN
1976,CNLMDG
1977,GDGS
1978,EBM
1979,KEK
1980,IMQPXBJJ
1981,LYWK
1982,Q
1983,CGOXOTGL
1984,CVEG
1985,KVS
1986,DKVGPPRO
1987,DIMKK
1988,IUFWUCYOMP
1989,IEQ
1990,FIGLVQUSOO
1991,MCFFGXPD
1992,DIJHFGEFPO
1993,AGWDRSKWG
1994,GTWTLWC
1995,G
1996,AZCYGNTNJE
1997,AMGJ
1998,BQHURV
1999,B
2000,AJCSNRVKRZ
2001,E
2002,M
2003,HJVLYEBFY
2004,DQLZIQO
2005,BJUYLPPFBG
2006,C
2007,D
2008,AF
2009,H
2010,FLTIL
2011,FN
2012,ENQMPM
2013,CWLUH
2014,BYJ
2015,HSLYTHTVE
2016,CYSIBKTT
2017,AMWQMZKTK
2018,CIWTSHK
2019,PJIHJ
2020,EDLOWISPV
2021,MMKZ
2022,DD
2023,CP
2024,A
2025,EMT
2026,AKUX
2027,AF
2028,BRLTGMNU
2029,HZLKT
2030,NKUGCZW
2031,K
2032,INOYGMZE
2033,AYKMH
2034,VMDENGFH
2035,ENNRZKOYV
2036,TISECXQ
2037,SKGHOXHZC
2038,DDGFVOVJ
2039,AWHXTKWODE
2040,PPHTFDUK
2041,ABTEXCLNDT
2042,BPDDSPG
2043,FBOFCFB
2044,UXLBPBB
2045,DTF
2046,ABPRBOJ
2047,RPSL
2048,AQYYWKQ
2049,ENYZ
2050,CDFT
2051,HUSH
2052,CCUIC
2053,CBJ
2054,AEHGZCT
2055,AZLBNV
2056,C
2057,EVU
2058,CSBK
2059,HIEPDGMT
2060,CP
2061,DE
2062,BROHQGQZH
2063,A
2064,DHSNZRGQN
2065,GYHOX
2066,KFXPSVBZF
2067,FSPJQMXS
2068,KNW
2069,L
2070,UBHIMS
2071,HWR
2072,AYJKIXVFET
2073,BJVS
2074,HU
2075,BPIZS
2076,NBJQNWUOHG
2077,MZY
2078,JZRXW
2079,IVHKHVZKB
2080,DO
2081,CMNVIU
2082,AM
2083,GSUPZPRSYX
2084,GNG
2085,IQYPNBT
2086,EPBYJBEF
2087,KPUSNS
2088,ADPM
2089,G
2090,FNH
2091,YUSB
2092,JECO
2093,TKMYHV
2094,NVXIHB
2095,FD
2096,GPEQD
2097,H
2098,CVE
2099,GL
2100,WGGDNLMP
2101,BO
2102,CIOMDNURO
2103,VGVIXZPVJ
2104,NRBZNECRSX
2105,WIKPQDTH
2106,H
2107,VHBFPNQH
2108,TU
2109,PO
2110,DNXL
2111,AZSOT
2112,RET
2113,FIBHC
2114,H
2115,JBMZDWYFH
2116,PXQDDCMQJ
2117,D
2118,FFDK
2119,MQFXHL
2120,HRSPOXNSPN
2121,RZCZBNRP
2122,EZLKNXTMM
2123,CGUOMXYGJI
2124,IKUUQNDRI
2125,D
2126,MPHMZKZR
2127,JGTL
2128,DFVRRRXQ
2129,MHVQEMMWS
2130,MR
2131,BKFRCIOC
2132,AHZOYBW
2133,GMHOUJC
2134,HYGYESFYY
2135,DEVJPDUMTX
2136,FUEDWKVIJB
2137,BKXC
2138,EMKT
2139,EWMTTDE
2140,AVNMUSYX
2141,NIVMG
2142,CNT
2143,KYCULK
2144,EU
2145,AYTITBC
2146,JZODZUYJ
2147,ARRCVLLH
2148,MZCUOOMYWK
2149,OJXMEO
2150,MMLVDFS
2151,FYLQ
2152,HPFU
2153,A
2154,QXHQWBYI
2155,NYM
2156,FRLPOW
2157,LNWEUP
2158,BXRDFPGVN
2159,VWDHC
2160,CYLPPYT
2161,SINVOBYB
2162,CCJQFSJ
2163,AXMUBI
2164,ENHWUY
2165,AFXTYVFJV
2166,DSDMGHTJK
2167,BGDJ
2168,AWK
2169,PZVNPRBCK
2170,HFKTUS
2171,CYZXNTWJ
2172,TELMJBTWYU
2173,KFP
2174,LZWBHCUSBT
2175,NSX
2176,AZUUO
2177,GUNVNB
2178,JHPRQSDQLG
2179,XQ
2180,OMMNVYI
2181,JLBQG
2182,SOYCRF
2183,GSN
2184,QF
2185,NO
2186,DPSJKB
2187,XNYI
2188,AP
2189,AVITM
2190,AXPONZV
2191,JJXPDP
2192,IFYJN
2193,BOUMCIYQ
2194,PMNELCU
2195,ONCFHN
2196,QN
2197,BBIFMOE
2198,AVV
2199,FLG
2200,BGRLWU
2201,HY
2202,AJUJIMMM
2203,PUMCPMZ
2204,HNTU
2205,FBHJBLI
2206,TRSWBW
2207,BWOFYYPULH
2208,JXWX
2209,AY
2210,JZS
2211,M
2212,EN
2213,I
2214,CK
2215,EUZ
2216,FUWXBVQKWQ
2217,AGEDXNIQRC
2218,AM
2219,V
2220,EPBHDQZVT
2221,C
2222,JKHVOGIF
2223,FFJVM
2224,FUIJ
2225,DL
2226,N
2227,BPVVYJ
2228,RBTBWSEJIR
2229,FFK
2230,BCLDP
2231,AZWHVVSHN
2232,QFBOSSDQ
2233,JKFZQ
2234,A
2235,BYPYQYXZG
2236,AB
2237,QCGVERB
2238,MDG
2239,LXTPGIKUS
2240,AGXQGU
2241,AMXQKO
2242,BM
2243,ESHDRTJH
2244,KDBPWG
2245,SMPRSNMWVW
2246,F
2247,AIZE
2248,BLOZR
2249,AVXVEIJRL
2250,NP
2251,IICTUUP
2252,LB
2253,MXQWEZQBJ
2254,AIV
2255,CXKKTELJ
2256,ALBLYGRPFZ
2257,OLHKKV
2258,AMPRBW
2259,BMOZEOT
2260,HQ
2261,AJXKI
2262,LOL
2263,LHXURBYL
2264,DLO
2265,ALM
2266,FZVTLULSIS
2267,LKS
2268,BZI
2269,ROVQ
2270,IDHEZDWJGP
2271,I
2272,G
2273,AOVXTRNQJ
2274,BIIDYF
2275,LZZQO
2276,DERYNRFU
2277,BBLTLMZ
2278,A
2279,GMDLJNCS
2280,E
2281,GQQRGP
2282,CNKNV
2283,FYUIFTNPUN
2284,HWYJKXVG
2285,DHWGFO
2286,AI
2287,BCDCR
2288,DZVKWWC
2289,BHYLHL
2290,BJPUOHYXK
2291,KIQDJX
2292,IUJQFHHQQ
2293,EYZNLTVL
2294,JMNYNHV
2295,BIZVIKIENO
2296,BIG
2297,ADQCXS
2298,NQGXVOZDC
2299,BEUQLQ
2300,QNNNRRIEG
2301,DSHBTWLJQP
2302,BJTRLNMV
2303,GJLD
2304,JEGBWE
2305,OLEDHVR
2306,KGXHGW
2307,CXXOFL
2308,GP
2309,NOCTIHYF
2310,GUVOO
2311,GLKSR
2312,BP
2313,RBF
2314,GK
2315,KOZL
2316,A
2317,AIC
2318,ICZYJXU
2319,CVLXRO
2320,BDRCPOMRR
2321,JMMRWUEH
2322,PUBY
2323,EFWL
2324,CFFMQSNX
2325,BYKK
2326,DBQTD
2327,BPGUKQ
2328,AKYGPP
2329,ENTOUUXVCQ
2330,EWL
2331,HUI
2332,FHWJSMIZYH
2333,IS
2334,DG
2335,BBEOUWC
2336,DPZ
2337,H
2338,EFIEE
2339,HFURIBCQW
2340,AZQWKSYCY
2341,BFCPFYZNIQ
2342,NQUCOT
2343,BOV
2344,CZMJB
2345,BQNOEVP
2346,EETFJYQCLF
2347,CNUMGFJ
2348,EHNH
2349,U
2350,GMO
2351,KRB
2352,KCQPS
2353,ECUQU
2354,QMBFISEFYY
2355,BTHOQFGKYJ
2356,UJZQNGT
2357,BPIEV
2358,APYB
2359,E
2360,GWVSB
2361,ATWWLFFW
2362,LUSN
2363,AOZ
2364,CVBBQGYMY
2365,AMLNMF
2366,LBMJJG
2367,DRZELWF
2368,CYYY
2369,OFZHTEYCZH
2370,I
2371,AEZG
2372,AVZZNFKS
2373,GUXTSKZXC
2374,AQCOFQBP
2375,DMDUP
2376,AYOY
2377,ARTEEM
2378,APTREFJU
2379,EHP
2380,CGFG
2381,F
2382,BCZGDFOD
2383,FNNP
2384,CVZQ
2385,MHWBYKRRD
2386,NQ
2387,DGKCTSIUIQ
2388,DLF
2389,HWCTI
2390,BO
2391,BCXUXSCBNC
2392,EVE
2393,AGWL
2394,CNJEURNVLQ
2395,AYGZK
2396,ISJSEC
2397,GCV
2398,HJQLWXH
2399,AY
2400,DZGWGRMNNM
2401,OCJVLGEY
2402,C
2403,ELE
2404,BXVEGDK
2405,CPEENNZH
2406,JZOGGEULML
2407,AIFCVII
2408,BEW
2409,FWWEBTQD
2410,ATFDMFXQPK
2411,LCPN
2412,L
2413,EWUBQPRWLO
2414,HYNLS
2415,OWBJLKQ
2416,TOSP
2417,AMOWQ
2418,PHOUL
2419,TQDVO
2420,D
2421,CP
2422,CLLKF
2423,JCEL
2424,BES
2425,CHOJIZN
2426,BOLNEXUCF
2427,IM
2428,FWKUFZRVO
2429,CJXXYOV
2430,RMBDK
2431,EB
2432,AJVRLU
2433,QZ
2434,A
2435,DDYBCEDY
2436,C
2437,E
2438,AYV
2439,FYV
2440,MCMYDMHPY
2441,QTZMW
2442,B
2443,MGRSPLQ
2444,DJPJTD
2445,AHJ
2446,NZFI
2447,LEYBHJPC
2448,I
2449,GOLW
2450,DZTQDD
2451,SUDSEUSDU
2452,D
2453,CGWVYVNZN
2454,AVO
2455,KTKSYD
2456,J
2457,CESLUID
2458,AZPSV
2459,KGLLWE
2460,HEMWIPEW
2461,AGTGUQCFG
2462,OECS
2463,GXWRM
2464,CEMZKRL
2465,WMPG
2466,HDCTWPD
2467,FOPUNOWQR
2468,EUOEFIDFM
2469,P
2470,AZU
2471,ER
2472,BTPIKQIR
2473,P
2474,PE
2475,CTDKOHYIG
2476,FTTMEMBKJG
2477,BFX
2478,HTNMTVXLT
2479,NWSLJDUUZ
2480,DJNIXYZ
2481,CWVKBC
2482,TCI
2483,F
2484,IEIGOFMY
2485,ACZXROGW
2486,LVIO
2487,EHOO
2488,CEJTKNF
2489,DPOJUZ
2490,D
2491,BVPLROJK
2492,LLBGIOGHRB
2493,MJVIDSMCN
2494,UQTZIKZQKR
2495,DG
2496,LDBSFT
2497,EM
2498,J
2499,BOHZWVGE
2500,BKQLHK
2501,DBJZ
2502,AWQYM
2503,EIQMBUIKJ
2504,AJRWZNPYXZ
2505,ACQCXJCU
2506,DS
2507,DGZBN
2508,VEGMIJWL
2509,GYBPHWK
2510,GXYOIH
2511,BIKVQMORWO
2512,PPDCCR
2513,AXRWXV
2514,FYCWSFHYQ
2515,ERHFDN
2516,E
2517,G
2518,DZSTWEZ
2519,EPMRPWQ
2520,BOHWVSRVI
2521,BQVC
2522,QCS
2523,EURVBJC
2524,BUBE
2525,AHYRIS
2526,B
2527,L
2528,JBMEHIFM
2529,QTOCVCXXDY
2530,CYG
2531,BQWIOY
2532,BCJHSL
2533,K
2534,K
2535,APIPRJHKON
2536,BR
2537,RDTY
2538,IM
2539,EZBTI
2540,EGFFOQMRBT
2541,SEJ
2542,ERBS
2543,DZ
2544,SQY
2545,A
2546,B
2547,BWZPWW
2548,CJWOG
2549,JGE
2550,BJ
2551,LYDDCOK
2552,JPLCWKU
2553,LBGHDTOSD
2554,NNCDIG
2555,EIXBERGBJ
2556,FDYIH
2557,ARZLHUF
2558,IMDHCSZNKH
2559,AXWBNH
2560,BEZCOB
2561,AEBQRPBT
2562,APDQ
2563,HKQJUXN
2564,XDBUGPCZ
2565,BVFCO
2566,LROKUI
2567,GPWDK
2568,AYO
2569,AYDKB
2570,QYBVYG
2571,EUJIUNE
2572,MYUKVVBUKJ
2573,ANLGKN
2574,DRYPO
2575,CEFNGPTWJ
2576,EGTSHBGF
2577,EOBTU
2578,DUNV
2579,BSHXVE
2580,CTIIJUUH
2581,FEHZTCET
2582,C
2583,CZIWCQTZ
2584,EICB
2585,IK
2586,BZGYWNJ
2587,HFZD
2588,BZYKDTIRD
2589,F
2590,O
2591,AMPMO
2592,DUIGU
2593,AUCVQEVSLL
2594,EBFCUL
2595,CVBLWBXYUF
2596,A
2597,ISP
2598,FWHGGSK
2599,ACYFBFFK
2600,QYRCLM
2601,FXECR
2602,IGVCJRWGZ
2603,DMSULNFVL
2604,IZ
2605,BO
2606,EF
2607,IFGZURUTL
2608,OTLRDLXNF
2609,CBYM
2610,GOT
2611,IBCNV
2612,JCRCURXNX
2613,Q
2614,PR
2615,DJT
2616,MVWPG
2617,TZS
2618,DO
2619,FZMORRW
2620,F
2621,T
2622,QK
2623,INPOVQ
2624,IKIUKMHLJW
2625,MUMQVD
2626,HH
2627,AHGE
2628,NZOYF
2629,CUYRTCBFUW
2630,M
2631,NPTE
2632,AY
2633,MQKQYMYNUY
2634,BCLO
2635,LMCFXH
2636,KDRJZQQOI
2637,CCDQDC
2638,HCSXUTNB
2639,AWLVZ
2640,ABFENIL
2641,SHHQLYZLEC
2642,AWMTFUL
2643,WORGU
2644,MMTCHMV
2645,CSXXSS
2646,LCYWILQ
2647,AISTNX
2648,PUNM
2649,ELDWJMSWU
2650,FUEUMPSHBN
2651,HZKIIOVST
2652,ASP
2653,FIL
2654,BIPDSPYUR
2655,ARUFVPTEW
2656,EIFSCIRRG
2657,JFYX
2658,AFRGO
2659,DMEBCSH
2660,GHT
2661,DE
2662,CBPVRMKUFZ
2663,LZNLSITS
2664,DH
2665,GSSIW
2666,GZUH
2667,C
2668,NVQ
2669,QJSMOWYHXU
2670,KNQBUR
2671,SJ
2672,GVSHDY
2673,I
2674,KWDV
2675,DUGZ
2676,THKZVHWYSX
2677,GBPQTWWR
2678,BOHCUBHDB
2679,HQZFFQ
2680,BMZ
2681,EBQTUOSI
2682,DQXYDOCUP
2683,CRF
2684,GLMVNEKMGU
2685,GSS
2686,AZSM
2687,CXZWN
2688,HVUNSRCYOL
2689,ALFRFBTW
2690,GVHLQEWBDC
2691,NY
2692,JHVNBCVTP
2693,ATWJM
2694,A
2695,JQMDFRYN
2696,EXQ
2697,ABUN
2698,FZDDMPOLWC
2699,CTREGTO
2700,GCYDBMOVMB
2701,DMB
2702,LYHQZF
2703,LNBOWM
2704,ANQJBG
2705,EXFYC
2706,DDVKGKF
2707,KRZX
2708,KXLUTQU
2709,CWZDB
2710,DFPL
2711,H
2712,LYZBEZSFVS
2713,ATDX
2714,FUUILERON
2715,G
2716,BYUBG
2717,TZ
2718,FU
2719,LV
2720,D
2721,GVVWWMILCY
2722,GPZJ
2723,DLC
2724,EFHU
2725,BUJNXH
2726,CB
2727,PEECQIER
2728,KSRGSQ
2729,AH
2730,AQNKFFXF
2731,HBPVZEM
2732,AQFHH
2733,DSSRKX
2734,I
2735,A
2736,AHUTEUZOPR
2737,IGWYIUHS
2738,JRF
2739,JNCXNUBPFF
2740,E
2741,BPFB
2742,LN
2743,EJM
2744,B
2745,IWUNLO
2746,GG
2747,FKP
2748,ADVWEP
2749,OQPHVKJBNP
2750,HMVCJHDHU
2751,CN
2752,HJMRBYMQQM
2753,RHBIHRNK
2754,SZK
2755,OM
2756,OHBCIVVBB
2757,FINQNRW
2758,BVX
2759,ALCYYQE
2760,LGC
2761,UMWFFLMGH
2762,JJVNDCF
2763,WTCCCC
2764,A
2765,AOCTOREVEV
2766,QKVKNWIRN
2767,B
2768,GJGU
2769,B
2770,OWPVO
2771,CW
2772,DX
2773,SVKF
2774,HPG
2775,BWDLGFCS
2776,N
2777,EXQWYH
2778,CENFCB
2779,GHPLRGFPIX
2780,ICDGFNC
2781,BLQUKJR
2782,BCIMNUNUU
2783,IUQQ
2784,CRK
2785,CI
2786,KPOHSGGUTC
2787,CHMYSWG
2788,E
2789,EIOQ
2790,GU
2791,JNDZUZZSE
2792,JDSGRUYP
2793,PODD
2794,CQJJUFQF
2795,ASB
2796,B
2797,ARINXYNL
2798,AULRNGIJHX
2799,DUB
2800,GIBT
2801,KRCYWZJ
2802,D
2803,NMDXRB
2804,EHZXQ
2805,BLWSTNEQ
2806,EMOUIXW
2807,KTMVHIBVTF
2808,KCDV
2809,CDR
2810,KUBCLWGILL
2811,ACUYMR
2812,GINKOCYGJE
2813,BEKQ
2814,BY
2815,HLOLT
2816,CPVIGM
2817,AHZHW
2818,DJZLSNLM
2819,PNUD
2820,NZCIP
2821,AK
2822,LPNZPIL
2823,HNYZPYTB
2824,IRISKKT
2825,BVHBS
2826,CVCP
2827,ALWLD
2828,FGZMPYDHO
2829,ECK
2830,HYWK
2831,CXDWDOMQ
2832,AMP
2833,NDEUBR
2834,QRDXJJUJ
2835,AYPSMFLF
2836,A
2837,FIOKIUKRW
2838,JZBWZ
2839,BPHQBECU
2840,IJOUSZWXIV
2841,KY
2842,HFLGLRXK
2843,AIIKQBRMHO
2844,I
2845,CZMGJ
2846,SQHI
2847,G
2848,BXNM
2849,A
2850,CTBD
2851,XCCNWRN
2852,KTX
2853,PXVDIOSVQ
2854,FWU
2855,DE
2856,ESEQTXUSBP
2857,B
2858,EUBB
2859,CWDQ
2860,DF
2861,EE
2862,CTE
2863,BCPYJJ
2864,EORKP
2865,DSCRPDH
2866,AS
2867,LZC
2868,AT
2869,EJROOUKR
2870,BCDY
2871,IEEWKXCZD
2872,EGTFZLZU
2873,DOMPNID
2874,ALJCHXL
2875,IOC
2876,TVLLWI
2877,MLL
2878,B
2879,FX
2880,C
2881,IQK
2882,D
2883,GJZVTCENT
2884,CQQGTSFWKG
2885,FJLFTRON
2886,QXFS
2887,JXFPOBCTQ
2888,BJHIBMNXLR
2889,KTX
2890,BDNFLGBCON
2891,AZI
2892,IFZUZ
2893,SOOZ
2894,AQM
2895,CGRSGZB
2896,CCEGVKUFJX
2897,CKHMGN
2898,CVLUPYE
2899,M
2900,AQN
2901,RXUMQLFS
2902,IHYJDSLS
2903,XRBWJBVL
2904,CNVNODPVHZ
2905,QWXQYYU
2906,RBGCZP
2907,BICEE
2908,AESYJ
2909,CCYMNTXF
2910,GYETGQNPJK
2911,GJPM
2912,F
2913,JYM
2914,BLYEIVQ
2915,FHIWJFDVB
2916,BWK
2917,ISRZMPFWL
2918,AKX
2919,ISKJPGF
2920,EB
2921,ARDGYRSMO
2922,ORYUHKDLL
2923,AYP
2924,AYOREMGNSH
2925,AT
2926,MLD
2927,FJZH
2928,LSH
2929,KRBYGKRMM
2930,APEQT
2931,IIZVN
2932,CFBLV
2933,EFRI
2934,CMKLVSJ
2935,IRHXW
2936,AMN
2937,FEW
2938,AOBPCF
2939,CFQ
2940,SXZGES
2941,HDEBQISZC
2942,E
2943,OBETCP
2944,DJGQS
2945,RMPQBRKR
2946,J
2947,IODTQCP
2948,CBPIFKYQCX
2949,DF
2950,C
2951,QF
2952,FSP
2953,R
2954,K
2955,FMTOJC
2956,BQQZIJRHLJ
2957,EKVLIWCEV
2958,KNITXWD
2959,VTYZLPZRFP
2960,TZLJHCPLNM
2961,CGTOW
2962,AWKGBWC
2963,HYEEDZR
2964,A
2965,CDZ
2966,AKJ
2967,JSYMU
2968,ABYMOOHUI
2969,KRTJO
2970,SUIS
2971,AWFESXQ
2972,L
2973,MLUY
2974,BXOTYQUIWP
2975,J
2976,ATSSGWZID
2977,EWLXQF
2978,RUYZ
2979,FDL
2980,FDYHE
2981,HWDXCGTVKL
2982,SBDDS
2983,CBXG
2984,EE
2985,MSUVCPD
2986,CHSRHR
2987,KVIVKP
2988,DUQY
2989,NJZG
2990,A
2991,KEN
2992,COOXZ
2993,LVIKDEBKUN
2994,BGWWP
2995,HEJSGV
2996,CQW
2997,HGNDTLQ
2998,EFFUHBDUB
2999,AJU
3000,GIRLMOBS
3001,EVREMKYMJ
3002,OVLJBFPKFF
3003,JLJXNP
3004,CJDSHEY
3005,OTNBRWEDMT
3006,CLOBD
3007,CWFYCRT
3008,EFC
3009,KHEGSJGVGL
3010,G
3011,D
3012,DTYSTUYWX
3013,A
3014,ATGTIWKUI
3015,J
3016,EWNG
3017,E
3018,TMYN
3019,DUETXHYZ
3020,BZYPWZUTD
3021,GXPVGPX
3022,AKQIRX
3023,DFTEWMD
3024,IBNFFPGOL
3025,BYJPLRY
3026,HWCTWWJM
3027,AWP
3028,JZXN
3029,H
3030,JJOUFOQ
3031,ANED
3032,AVLRDKKCVV
3033,WDQLUFR
3034,E
3035,DIG
3036,AZHZCJ
3037,BMYUIR
3038,BOYPLMFCVV
3039,HGBKSPKH
3040,BTHOQI
3041,ECDDBSJDX
3042,AEUFD
3043,ANB
3044,BFYIQCXCEN
3045,EUJKF
3046,NPRP
3047,DEN
3048,IWKSBMOXFL
3049,FZSDSUJIG
3050,CBCHM
3051,INYSYJI
3052,FZDTJ
3053,BTI
3054,NR
3055,CLIRFZLKCB
3056,CBRQ
3057,ACEGHX
3058,IQ
3059,DKKFJCJETE
3060,A
3061,A
3062,LWPCYEYVKF
3063,AMZ
3064,G
3065,STS
3066,AFMS
3067,DDELTKSVMI
3068,MUBZHD
3069,KVU
3070,BY
3071,CQT
3072,ABJWCT
3073,CLB
3074,DLIBBKBY
3075,DBJRUNN
3076,IZUGRM
3077,ISXKV
3078,BODENK
3079,CNZMXPUC
3080,JOWM
3081,CTY
3082,ICJGFPZBHF
3083,ERSCWQQD
3084,AXP
3085,ONIQ
3086,IDQRGZVE
3087,AKGKDQT
3088,AHPCJW
3089,JZTXTEX
3090,JWLFPS
3091,IDFB
3092,DJ
3093,COCO
3094,BYIKJHUCYS
3095,CTG
3096,HW
3097,DNGRQN
3098,CNLITWUN
3099,BQFNSYH
3100,OILHBWSQ
3101,ESEIMPYU
3102,GOEJGKL
3103,ADDLS
3104,BROJG
3105,HHBGIZGI
3106,T
3107,AHPSHCGVYI
3108,AYEVZIPUV
3109,CSXIQB
3110,AIXPR
3111,B
3112,PZXNTOSOF
3113,J
3114,IOXWZRF
3115,BUPVPBB
3116,BDZMHI
3117,EKWJE
3118,FC
3119,DYDCB
3120,DRBUZKY
3121,AVVCDIBM
3122,MVG
3123,AUGWKGBXB
3124,AC
3125,HCXHVURGGD
3126,JUBJO
3127,HRZRKZS
3128,UTQMHS
3129,FBIHO
3130,BEPFSM
3131,QTJNDMOEO
3132,KNJ
3133,BPZFPXFTQQ
3134,EZBDWVKFJ
3135,CGTJBY
3136,FHMFFGYBJN
3137,PJEZQU
3138,GKO
3139,AFJZLKWPU
3140,A
3141,E
3142,C
3143,DRNGRVZN
3144,RY
3145,CVVCGTBQH
3146,AJX
3147,DHZUXUEOOQ
3148,KRYS
3149,ARESUGBIMS
3150,AUDQW
3151,DEXPCIBCWO
3152,JVEWIISVFX
3153,BEKWG
3154,FHJ
3155,AYVZ
3156,EMFJIK
3157,CNPR
3158,BO
3159,LE
3160,FQP
3161,KH
3162,ARLBEU
3163,CKV
3164,BYX
3165,AZYXVJCG
3166,HNQDDGCQUE
3167,LNKJYVPT
3168,O
3169,HFQFZPWPB
3170,A
3171,HDGGWSYORG
3172,CV
3173,G
3174,K
3175,PVUGIGK
3176,HHC
3177,BCBX
3178,DNDMK
3179,NK
3180,DJE
3181,DHVX
3182,LVEDTUQOST
3183,DNJEPSIB
3184,LHTZX
3185,GUJUSU
3186,PETFKJJCK
3187,ACYTE
3188,MWIPPHEE
3189,RYPTUW
3190,AGLY
3191,MLDSH
3192,DPMMGCQUJQ
3193,AJJMGNRBQT
3194,MQZ
3195,AKJLMLRMN
3196,I
3197,BCGZINPPL
3198,JBKJZKZE
3199,C
3200,AQ
3201,ATUEXMY
3202,ELNMUC
3203,QPF
3204,AXCVLCZYMR
3205,KV
3206,AJN
3207,Y
3208,CJHNYWKFDC
3209,AK
3210,IDGKTPS
3211,KDLU
3212,BHQYBSOY
3213,LSD
3214,LJWHK
3215,LJ
3216,EW
3217,LWFPQRJOI
3218,DSCOLK
3219,PC
3220,BBYGIQFCE
3221,B
3222,EOLID
3223,MIZGSOFKLT
3224,JIZXOX
3225,EE
3226,FLPS
3227,AYIVHROB
3228,EFWM
3229,CYSRHJYWSN
3230,BFQSF
3231,BE
3232,JHSBCYLGMM
3233,KHOIMV
3234,BH
3235,FVNI
3236,U
3237,AKUZXKVQVW
3238,VUEHMGGWQQ
3239,NHNLVSM
3240,HMOYW
3241,TW
3242,JRLHYDQRXX
3243,ASGJBTPH
3244,SUJRMFQ
3245,VBVQP
3246,BVHJHLM
3247,M
3248,SNYONGVW
3249,OILFHDHC
3250,FXQZSQW
3251,AXPGNOYDI
3252,UQ
3253,IMU
3254,KJ
3255,NDJH
3256,TJHYQF
3257,FWHRND
3258,AJDC
3259,I
3260,BBZ
3261,EHWBB
3262,PSXY
3263,XGIWSORKDE
3264,PKG
3265,DGFFBHZ
3266,BLDBSMDRGK
3267,CRCJH
3268,GPNTKUHNY
3269,IVCWYBGUQN
3270,DMKT
3271,WBY
3272,NBX
3273,BXYMZJBH
3274,CWPVQVXFHV
3275,DKHHIENJOW
3276,FWSDTDGC
3277,J
3278,KZPZB
3279,BPEJXI
3280,AJSHUBB
3281,DVTLSUNN
3282,D
3283,H
3284,BFQ
3285,L
3286,GLIDP
3287,LUJLGNOTG
3288,ABIPMGWI
3289,AKD
3290,AKLX
3291,MWXMXW
3292,BBGGWKIMR
3293,IGPTO
3294,ELNIB
3295,DZLPBJJQI
3296,HHBZZ
3297,NJO
3298,E
3299,NZ
3300,HJPZ
3301,HU
3302,LPG
3303,DVCYTZM
3304,BJ
3305,EDVJQPS
3306,GUUQFIZ
3307,KWCHFIWWN
3308,DQTXW
3309,AKG
3310,B
3311,CPPJ
3312,U
3313,CZXEFELPO
3314,ATVMPKKRLU
3315,EOKF
3316,KOBZD
3317,RWFXUH
3318,D
3319,BUXYCMB
3320,AL
3321,JBHJD
3322,AZBTB
3323,EFVJXUFBF
3324,PZ
3325,ASTLIP
3326,BRMTHFBHFT
3327,B
3328,AG
3329,IIHOFI
3330,AYQKWFRTCM
3331,CLMHXTDKMP
3332,HVJVCIMXMX
3333,IODF
3334,MDRTME
3335,PRUCVY
3336,EXYYNUGVZO
3337,CVLTXHKZL
3338,BMZRDGKQOU
3339,DJORYE
3340,VZIHZU
3341,AZSCY
3342,AGWGW
3343,JYDS
3344,JII
3345,EZCNSD
3346,EWEVM
3347,DCNXUGHG
3348,CMKVJFUBC
3349,RSVCB
3350,EZPQXN
3351,BEVQD
3352,AJ
3353,BQDS
3354,IXN
3355,DXIIFHZPU
3356,ADVPYROG
3357,A
3358,BZXSFL
3359,DWJWOW
3360,MCJ
3361,EURQJ
3362,GSMY
3363,DFMQLVQMO
3364,CHDPIRS
3365,JPTOGQF
3366,BRPCLEC
3367,EE
3368,BQVCSWLDJD
3369,EQKUYQ
3370,BHSNZHPIGS
3371,BGHQB
3372,EUTKXNF
3373,LIOGJ
3374,UGGXOGVR
3375,MZCHVKVITG
3376,DXDPSZMYT
3377,AOX
3378,AMPUXW
3379,CMOQXEODW
3380,GSF
3381,BNTDNDW
3382,PPIPUJU
3383,FCFPJX
3384,I
3385,AFPMBQY
3386,G
3387,LHIXT
3388,BC
3389,AZYN
3390,BUHY
3391,S
3392,HC
3393,AJ
3394,BMMHRW
3395,HQNMLRKT
3396,BEXGOKJGTB
3397,DJELDWMLV
3398,KHR
3399,FXCREIWFK
3400,BY
3401,OCXZ
3402,GVJ
3403,HTJOD
3404,DBXEPS
3405,KGYYQUY
3406,IIVDZBEIF
3407,JJM
3408,F
3409,DVSVY
3410,AEKGPZN
3411,JM
3412,RCVH
3413,RZF
3414,O
3415,NUDRDO
3416,F
3417,OUKPQHWK
3418,AKGKNVIP
3419,FHEVM
3420,QPPEMEQ
3421,AFGDKDXQZV
3422,LWSEVU
3423,PGEBOUSHF
3424,I
3425,RRWDDBIWHL
3426,KUVSEFWZX
3427,FU
3428,CJZNDZ
3429,UJBLZBW
3430,EJY
3431,AQXUCHRKTO
3432,HJCGHERHGY
3433,ITTH
3434,JDDOFLU
3435,CXUWJQTTE
3436,C
3437,SW
3438,OPKH
3439,GNLFKPBUF
3440,OPMD
3441,PDYVXWSSLM
3442,DBFNSJ
3443,KLRMNYUL
3444,K
3445,HB
3446,BIOGPJCD
3447,GFJYMFYJJ
3448,ADTVXBGP
3449,NISP
3450,NCIOSLRV
3451,NUGMSCGZ
3452,BGWF
3453,C
3454,BJUMLGK
3455,EI
3456,KUSYX
3457,EVIPVHB
3458,BYXNJ
3459,F
3460,I
3461,IPJUZMVFPF
3462,FHDTIMOZ
3463,OOCYIOKRSX
3464,EWJO
3465,LLWMPFKOCT
3466,GBEBQV
3467,K
3468,PC
3469,TSBINOSDZX
3470,BJWV
3471,VU
3472,BSLCQY
3473,RONCK
3474,DCPECYJSC
3475,LYCXVGGNO
3476,DCOPNU
3477,DJZPUIOJLQ
3478,KEQT
3479,SZYIVXVL
3480,GDHXJLDBH
3481,BWOPKVWLK
3482,JFGVECWHM
3483,ARHT
3484,ASZX
3485,FBGBE
3486,MQBBV
3487,CBZ
3488,QO
3489,FKHZFDSCHV
3490,DOEGRTFWS
3491,MFNRXMEY
3492,KGDPLGDLNW
3493,BGDZC
3494,DQHWTPFLP
3495,MQCET
3496,B
3497,AQXWPYRZY
3498,B
3499,LSXBHVHT
3500,ALNJBO
3501,BNXJTPE
3502,KXC
3503,HSNO
3504,L
3505,C
3506,JPM
3507,AGXKEHKKCS
3508,BUPMOD
3509,KKPXPYFO
3510,EZGJ
3511,GCBDESQFT
3512,LO
3513,CYRCLHWCE
3514,OYEB
3515,NWV
3516,ABOWIPF
3517,ABZRKGMWK
3518,AU
3519,QZCZTVQLYR
3520,EGYFZ
3521,C
3522,ESGLRM
3523,SOFVN
3524,FCDSNBJ
3525,LBGYSZJK
3526,COWTFV
3527,A
3528,CNJDZZ
3529,EIUESOV
3530,F
3531,ESWIXC
3532,XWFQBNCIER
3533,BENI
3534,DULQ
3535,BG
3536,MFYBNRPYX
3537,EJONGPLP
3538,ABJCUD
3539,BXMRHIVG
3540,SPTRZTDL
3541,ETPJ
3542,AGDNXO
3543,BH
3544,KC
3545,TX
3546,JVSKGRX
3547,KVGXL
3548,EYNMPBVJET
3549,LOBCEZTSI
3550,LXE
3551,V
3552,AKPNRQ
3553,FGVE
3554,DH
3555,RT
3556,UWR
3557,BTP
3558,OELKZYOE
3559,A
3560,BFYBWISSEW
3561,MSL
3562,GUKKTM
3563,CULRNKNOS
3564,DQHJWXUW
3565,DVZB
3566,ELMDBHSZC
3567,BFDEZ
3568,BMC
3569,KYG
3570,MTNILSFTK
3571,C
3572,GENLLCM
3573,DKFQL
3574,JLWYXY
3575,CRWBIW
3576,CWC
3577,DQ
3578,DDO
3579,KXXQYOKE
3580,OBHZFCRVTV
3581,LXDELQZSU
3582,FVJGBBGKIY
3583,CXPLL
3584,AQHQDCFVZ
3585,D
3586,LZBUDKJR
3587,F
3588,TTVMYENSO
3589,AYW
3590,CNPMT
3591,CXY
3592,C
3593,U
3594,KQNX
3595,AVPUKXB
3596,H
3597,ATWM
3598,E
3599,AXTIE
3600,BDTE
3601,LJJDK
3602,G
3603,BDRSVBKWMM
3604,LCIM
3605,AIZ
3606,ASHKHJCL
3607,BDQIXZZPCC
3608,AGKKPUBYD
3609,JXBQCXKIEI
3610,DLMDHLT
3611,IOFOMRGGHP
3612,AHQMMYK
3613,AGYZOFHMBF
3614,AZ
3615,AZHIMRWW
3616,ADPBQH
3617,AC
3618,HBQB
3619,HTOVEBSHPN
3620,MZWXXL
3621,EUW
3622,SVLXVQUXS
3623,CN
3624,WCVCMMPCF
3625,LUUU
3626,ALO
3627,CIFDVHMK
3628,A
3629,SC
3630,QRPKS
3631,BRMGKB
3632,AQMLVHDBX
3633,LROJEDPTON
3634,AMZML
3635,KSRJ
3636,I
3637,AIZKRTP
3638,XY
3639,BFKOHJUX
3640,FBHNTERHQR
3641,AXSRMV
3642,M
3643,LBQTO
3644,GYS
3645,F
3646,FREB
3647,QKQIU
3648,ABHLNXGTK
3649,CRGUFEMFL
3650,HZ
3651,LEG
3652,CQWDPX
3653,KZGMHLZTZ
3654,GF
3655,IRTIZLBCSF
3656,FEHT
3657,PLUC
3658,CIFQEGFVHM
3659,IXOK
3660,IEC
3661,CPWPL
3662,DXX
3663,E
3664,AK
3665,CYMUFDEL
3666,RTLYI
3667,KOOHDNZVY
3668,CQYY
3669,D
3670,OIFQ
3671,FG
3672,AWRYZXYTWK
3673,K
3674,GE
3675,BLVWFVPGS
3676,BFF
3677,RPYQWF
3678,ERZ
3679,ARXTRLI
3680,ECKPIWTWG
3681,EMGNZGWOYT
3682,CRVBRKHFHU
3683,ACUR
3684,KUFL
3685,GGXBQ
3686,GFLCHPFRJE
3687,F
3688,MKPREZV
3689,E
3690,QPGXUXYM
3691,TJLNZHCBPV
3692,DQ
3693,BZPDHX
3694,HVZOH
3695,ASNTK
3696,DWJW
3697,EOTJQDDQKJ
3698,JXDLHH
3699,CSOPO
3700,BDJN
3701,KRFQQK
3702,QTYB
3703,CVLSB
3704,AU
3705,A
3706,FUVCWBBIDQ
3707,AWIF
3708,IHRBF
3709,FCNJKWDCG
3710,KDOHJCYJ
3711,I
3712,BU
3713,AISOO
3714,GFTU
3715,D
3716,EBMRX
3717,JW
3718,DMBO
3719,ESVBHZKBHV
3720,ENPKBER
3721,AUMITSMHF
3722,DQCZZ
3723,VMCZJEWWN
3724,PJBZN
3725,DNTUBCRL
3726,BMLHFV
3727,BE
3728,EBJHSSHCMD
3729,CGEJY
3730,IQFXCRZL
3731,AQFVBPBT
3732,MNFDFDBHFM
3733,RPMNTL
3734,EPEPEET
3735,ACW
3736,AT
3737,TB
3738,FEP
3739,L
3740,FJFJU
3741,SPMNI
3742,HIZBYJH
3743,QOCYID
3744,BWBMUJJZH
3745,IEHIFTWPSG
3746,EYVEUJZFM
3747,AUEHXZHY
3748,N
3749,D
3750,SPTP
3751,BLHTEZ
3752,PKV
3753,GKVGTXXZW
3754,M
3755,BHXHR
3756,BC
3757,C
3758,ND
3759,GO
3760,FQ
3761,BQC
3762,ALQXK
3763,JPITYLP
3764,EKLHIXXMY
3765,MS
3766,SQXHFFSIU
3767,CCSIFC
3768,FOKEFDVDO
3769,D
3770,CEHQ
3771,KIMMPLMYLC
3772,AJNQB
3773,FFYF
3774,AHGMTSFJP
3775,QNRMEKI
3776,BKDQHW
3777,KDWSO
3778,JZLUIKJ
3779,CZOXLODLRY
3780,E
3781,ONTUNNVVC
3782,FO
3783,NOV
3784,HGHGLZN
3785,LES
3786,DWKEGJCOVX
3787,CPOI
3788,NXTBBO
3789,GGFPETIFW
3790,JTRTG
3791,ACBB
3792,KMLXZF
3793,CXUZMGMLSY
3794,GQOSEGN
3795,AB
3796,BRMXQKWUNF
3797,CWDPC
3798,IQ
3799,AUV
3800,PSBIEPI
3801,ASHWWP
3802,BFNZUOGW
3803,CR
3804,G
3805,TW
3806,ASHQWL
3807,VQPYFNU
3808,A
3809,AXNWHVL
3810,BFS
3811,HEOVWSN
3812,GZDE
3813,AWCWDOZL
3814,DOEVNRTG
3815,P
3816,KQR
3817,HNTSQYSLOG
3818,BJKQI
3819,IREDW
3820,HSHFWPRK
3821,QIWIMXC
3822,A
3823,AQUVEBVZOK
3824,KEHWNRNO
3825,CSBRZZBO
3826,IPR
3827,ASUMQOZ
3828,ALV
3829,IB
3830,ESISSZ
3831,RYV
3832,JFPZWTGXSH
3833,EMPGRLYVXP
3834,BSRMTRDRP
3835,QOUCRDIC
3836,MYNOHDU
3837,ATXWNFUT
3838,MV
3839,GMOEIVJ
3840,FNPUZJI
3841,KJMSKVLOBQ
3842,BUZZ
3843,DXNO
3844,HWFYU
3845,T
3846,EGUCETOY
3847,FBYDTNH
3848,E
3849,EB
3850,CCS
3851,O
3852,MSGU
3853,SJPCONNF
3854,BMIPLLXJEL
3855,LPUE
3856,MU
3857,TYUDRC
3858,APEWRYRKG
3859,IUTEPGYMZH
3860,KRXY
3861,KEFXGLIO
3862,A
3863,HY
3864,ASCBBZQ
3865,OELQ
3866,CLQLBO
3867,OV
3868,BES
3869,KFDGVK
3870,G
3871,AU
3872,AGPO
3873,CRKZDWO
3874,HVI
3875,BF
3876,AEDL
3877,KZSTXXPVLY
3878,FBFRGXMDX
3879,KMH
3880,BTQWWKU
3881,CCDX
3882,ECREVNDL
3883,A
3884,NFGMZLXNY
3885,JBIGRPC
3886,ALZKGFNL
3887,I
3888,LVCFEZZ
3889,YJOBNZMD
3890,B
3891,ADMWLI
3892,FY
3893,LZ
3894,SNKONUJZOR
3895,CRIK
3896,YBWSERJWQL
3897,EOQHYIOC
3898,DPXLEG
3899,CPLR
3900,A
3901,SEB
3902,JQETCMRWQS
3903,KGQGEE
3904,NZGQBU
3905,CBTONBYU
3906,FNOEM
3907,OOLBBDHZW
3908,HPG
3909,CB
3910,GQS
3911,AYZ
3912,CFWEWF
3913,BF
3914,CDFWMP
3915,OBLKT
3916,CQQMWXNF
3917,JIGGWOG
3918,APS
3919,OIIN
3920,JNRMFQRV
3921,AHCIM
3922,CQGVCXFVLD
3923,FWJCH
3924,OZJZB
3925,EDTBK
3926,PYDKB
3927,CJ
3928,ASPQO
3929,IYWLISTZK
3930,VLHJPZHZYO
3931,FCRDUXB
3932,A
3933,DYULBUUSM
3934,CDL
3935,JJHCKN
3936,ISMLKOW
3937,PDKVLBZB
3938,BQHWUIFL
3939,AYRGEEN
3940,IGKFDLZHJ
3941,GLNHPRZHV
3942,CRXU
3943,CSHWCCISSQ
3944,FBY
3945,FQXX
3946,EGLPQFGY
3947,A
3948,AOI
3949,AOH
3950,DRGI
3951,ADDWQKZHB
3952,OQKWV
3953,EPQ
3954,ACKBPGYPT
3955,KH
3956,ABWFZ
3957,TQYD
3958,HMTQIXXQ
3959,NV
3960,FZRXEK
3961,EDHR
3962,B
3963,AY
3964,MHHGH
3965,AKC
3966,T
3967,KEKYG
3968,EG
3969,ACEYWHT
3970,VXVTHVE
3971,L
3972,CYGJNRGOWI
3973,OZMRHNKI
3974,ACEVCVNEFM
3975,A
3976,KLWGGMMEB
3977,WLKJ
3978,BEJQMHGMJJ
3979,NGVQEEUDOQ
3980,GBHYXUM
3981,EY
3982,KLMZYGOJG
3983,EZ
3984,CFM
3985,BVQ
3986,NHDHPSHL
3987,B
3988,KHHIFJPRBI
3989,REWVUK
3990,QTWFSER
3991,F
3992,CRF
3993,GIGVWWS
3994,AYQMZO
3995,AXGWQIK
3996,CZYWPCWKP
3997,APE
3998,D
3999,DJYRRIIQ
4000,APS
4001,BEEXZX
4002,GHZRMYJ
4003,QJVONFUR
4004,EDTEQQTQ
4005,QWT
4006,ETJCZJFEI
4007,APISWY
4008,IBSKUWSG
4009,GJRK
4010,E
4011,FPICC
4012,JYWGRDK
4013,AGFTGFYY
4014,SPCYJKEUOR
4015,MZHJXIBQ
4016,DXVSHSE
4017,A
4018,OPIBWEPNZ
4019,CQICLRR
4020,AVMQQLDDB
4021,CO
4022,ATWCG
4023,NRI
4024,CIOLMRX
4025,APNPLF
4026,P
4027,FWX
4028,DXHP
4029,BGGKRN
4030,BV
4031,NLRY
4032,CWHT
4033,BBTYSY
4034,KJX
4035,HSGW
4036,BZU
4037,AB
4038,GCIT
4039,TZBHZPV
4040,DHFVPZHP
4041,LNWBQX
4042,AQCLZYYMYW
4043,SZRNBTUM
4044,A
4045,MGKFCXO
4046,DVKJKNYR
4047,AEZBK
4048,BO
4049,K
4050,JTZLM
4051,BSC
4052,HLOFEBKHD
4053,R
4054,DBEEJZVF
4055,DFFGQGLC
4056,FLUYU
4057,OMZOVHYRB
4058,APE
4059,CSZVMFSGM
4060,GRSVDPWS
4061,HBXMP
4062,AQLIE
4063,INYFOFTH
4064,AIFHRVOI
4065,MXC
4066,IOPEJBWL
4067,CFWU
4068,CENJVDBX
4069,FCHHSK
4070,DMYMBMDBF
4071,AMF
4072,ENB
4073,CFBF
4074,BUFIT
4075,QNBVMD
4076,JIYN
4077,EYPLNLYY
4078,EMYCLP
4079,AZCT
4080,BUSL
4081,MOHQNPL
4082,EP
4083,BTE
4084,EYZBNIH
4085,FTIVG
4086,D
4087,A
4088,BRWCRPOGY
4089,EVKGGP
4090,IVZXI
4091,BEHSULGKU
4092,BTEVTEL
4093,D
4094,EZHYHD
4095,EKIPR
4096,C
4097,UUIMIPM
4098,BXELZEMQJE
4099,DIOVM
4100,QGUBCGIY
4101,BHZIHT
4102,AVVJMZQN
4103,KL
4104,GTNJDVNG
4105,ASVVUO
4106,AES
4107,KZTOGIRTR
4108,R
4109,DGIDWDU
4110,IQKBUXLU
4111,ABLTU
4112,FUEQY
4113,NCQTNILOZ
4114,BKJY
4115,CE
4116,PCT
4117,LBDJQVW
4118,FMR
4119,BVVHJUG
4120,HRYQKOOET
4121,A
4122,AQCF
4123,OZYRSRSMJ
4124,AZGVNLLB
4125,ATB
4126,GCUC
4127,EYYQ
4128,D
4129,BLVM
4130,PS
4131,L
4132,LHJZSDTQXV
4133,H
4134,GCPBH
4135,BKYUSXBG
4136,PE
4137,AUTGOPPY
4138,DYVJLC
4139,JNJVSKBN
4140,GZYWEMDYY
4141,EETNMUU
4142,O
4143,CEEROKVN
4144,FNJ
4145,J
4146,EWGWTIZU
4147,ENGL
4148,ASYHPJVRGB
4149,KHKJKPZJC
4150,SFTS
4151,BOWOKOZC
4152,DMN
4153,HZ
4154,LTUIG
4155,CQ
4156,DHQBOOJK
4157,AQJG
4158,IUKMTGF
4159,FXRF
4160,IESEXYXJX
4161,FSEZ
4162,ATPLPRE
4163,IGFD
4164,IVOYVCUODB
4165,AZ
4166,BN
4167,GB
4168,ACVZ
4169,CPSJI
4170,OQVQSEKYRE
4171,QPKJSP
4172,EG
4173,DB
4174,BTFKFONVN
4175,AU
4176,BBQ
4177,BYYZO
4178,NHLMVCXL
4179,EJUE
4180,BXITUEM
4181,EVPMR
4182,DY
4183,ASYISL
4184,AOD
4185,APVZEN
4186,IXVIZLCDED
4187,BYFWNJGDQ
4188,AHWRW
4189,IMCNB
4190,FOGFTEV
4191,Q
4192,F
4193,BRD
4194,LMDNEX
4195,FWUNGKJ
4196,R
4197,FXKDHYGPH
4198,AIPNGIK
4199,C
4200,SKXHXSYL
4201,WUUHJXMS
4202,CXFBUVPVT
4203,A
4204,MGRRSQK
4205,A
4206,CI
4207,BWULHFYEO
4208,GMHGUSWDDL
4209,AQQCWQIXD
4210,MOY
4211,HW
4212,NINQ
4213,HYCFSTHZVM
4214,JPJBZHEC
4215,AHKYKZ
4216,VNKGYF
4217,J
4218,DS
4219,DFCFFY
4220,BLIPKRPTFW
4221,EPD
4222,AXFTKNPSUM
4223,TCTTEY
4224,A
4225,ATC
4226,DUIXLTIF
4227,DXRSHLSJT
4228,FQQL
4229,GZ
4230,NQNCVZZQ
4231,AWOZXEU
4232,HTTHJE
4233,GZJKJ
4234,AVF
4235,CHCCBFSRW
4236,BBKRDPO
4237,FHHLTRPM
4238,HHF
4239,BTXH
4240,CIX
4241,BIB
4242,LTETKWQWL
4243,NUBZ
4244,FU
4245,GCXLFESM
4246,FDULTSLN
4247,SK
4248,PVRPCWHPY
4249,KPJBTW
4250,GCYGXZ
4251,ELYPHK
4252,QWWBPESU
4253,EOX
4254,JXE
4255,KPYONOVHK
4256,ICUWXO
4257,AJLVHPLTYS
4258,FCQUKTZCXL
4259,USSI
4260,RRRPZUHIL
4261,KJDQBE
4262,CD
4263,HVPITTYT
4264,HYDFSV
4265,PYC
4266,C
4267,KYMVUXKBB
4268,MG
4269,JOGVHIRPOL
4270,NO
4271,ACIGQCHD
4272,DWEPFJDH
4273,RZYJJHB
4274,CUFISMTHG
4275,RDOI
4276,AQ
4277,NUL
4278,BCHMXPUETC
4279,BEWJV
4280,EMPWRPNRN
4281,AFXUIUK
4282,I
4283,IMRGCP
4284,RPDPSRHL
4285,BRWTU
4286,AEVMINIENF
4287,BLTIOB
4288,FIDCXYTL
4289,DKYGWPZQOM
4290,DEVD
4291,AZKKZ
4292,IYJHZ
4293,BOYTSDVLNH
4294,AJURJPRGW
4295,AVX
4296,N
4297,KLOZ
4298,DIRWB
4299,RNRHQXRVCX
4300,MCIFDZX
4301,ERWZMX
4302,J
4303,ANERSBU
4304,FZNYBO
4305,DVVBL
4306,NSGUUBXI
4307,DDE
4308,BOBNIS
4309,QBBMQREI
4310,EMOGJVGKXZ
4311,AOR
4312,AOCVVZDQ
4313,ETL
4314,EJDZ
4315,GFEEGZ
4316,AIEYECO
4317,OCWCUDBQGV
4318,GCLWOXQ
4319,INLLYQFG
4320,K
4321,NXCLVE
4322,AOURCVCFJ
4323,DIYBSN
4324,DDWCUJD
4325,S
4326,PFXZOWO
4327,GGHI
4328,EVUBY
4329,LBM
4330,OJWU
4331,FOSE
4332,DHFVN
4333,ACCCF
4334,CYTSJK
4335,FDHEZ
4336,HSCMTOKP
4337,AWNSDNE
4338,IQWBTUUWZQ
4339,B
4340,EPFQB
4341,HX
4342,AMLJ
4343,AJVDYQ
4344,CUOR
4345,AMIRDHBDCU
4346,NK
4347,BGBL
4348,FSSOQDJ
4349,IIYYVRHECY
4350,ESRIEBMD
4351,EWZBSXZWEN
4352,RZY
4353,BBZEEOF
4354,CFOBGOODMJ
4355,DRE
4356,HOOSQ
4357,W
4358,ADOSY
4359,GOUPLSNDJU
4360,UZOHNIVH
4361,CDTBYI
4362,K
4363,IWGWLLFTZE
4364,EB
4365,OK
4366,H
4367,FCGBNJ
4368,UT
4369,WEQQYCBPVN
4370,HHNU
4371,FXBSYVCE
4372,CPVZUTSV
4373,FPYT
4374,BFXXRLEU
4375,AGFSCQRZW
4376,KMB
4377,ALVJQSJ
4378,S
4379,QOIGF
4380,EE
4381,AQ
4382,DDB
4383,OY
4384,EZOXG
4385,H
4386,NV
4387,BEDMHL
4388,EDCXGDNKZZ
4389,DTMHZ
4390,SJWPFMM
4391,AL
4392,CYCOD
4393,CPBOLWZHOZ
4394,FIPQDFRHL
4395,GLYD
4396,HRJSS
4397,CDXZVI
4398,CVPM
4399,CDDOCTI
4400,ASTFKGNC
4401,ANJE
4402,EXC
4403,BDIOID
4404,D
4405,ESCDBMK
4406,IFWYCGSIP
4407,JFQ
4408,AWVW
4409,JNMKRWPR
4410,AK
4411,NZWTTOIE
4412,KBTJRDUWU
4413,FC
4414,CSJQQ
4415,CWNYDE
4416,FFV
4417,SMIYSELXV
4418,DYVXGUJK
4419,FXEZTZLZJZ
4420,BVD
4421,CWE
4422,KJOQK
4423,DIUKVP
4424,CMNPIKGEFP
4425,QEY
4426,FEXZDKT
4427,AKRHFLTMB
4428,FEV
4429,CQ
4430,FHDLC
4431,DGG
4432,MM
4433,BDPIWZ
4434,DLOI
4435,BWRKYCGBTD
4436,BGEEHUX
4437,KOGCBZGUFD
4438,A
4439,BF
4440,GMQPNXKZ
4441,BMNVED
4442,CCYHQODO
4443,LIMLTZITQ
4444,KDCUIDWTJ
4445,ANR
4446,EPQKDEQP
4447,GSNTY
4448,JZIMM
4449,AND
4450,AZOEOM
4451,HODN
4452,FZCBHJM
4453,HUXHYC
4454,TPHYEZJDB
4455,EH
4456,CPTWE
4457,AOYIYJZ
4458,DQIUOGRTG
4459,EIZWLOJN
4460,PHCW
4461,AYPKNSWFU
4462,AFMOCTR
4463,BXOPQWJV
4464,BWTX
4465,LTBDFUF
4466,BG
4467,G
4468,PITZBJK
4469,LUQVSY
4470,AI
4471,QFLD
4472,RZUO
4473,IEX
4474,BKXRM
4475,JHTVHDN
4476,OGD
4477,KIJ
4478,CYMH
4479,NQMHSDPNN
4480,ID
4481,FLUJREJX
4482,RVGEEHD
4483,BRI
4484,ESND
4485,AVSHITSKDI
4486,G
4487,ILCX
4488,AI
4489,GRMZ
4490,CYOPCE
4491,BHNHC
4492,P
4493,FL
4494,AXGT
4495,QUXFRCBZOS
4496,AVISPNS
4497,JNDINFPEI
4498,ATZDPOIQER
4499,GIJJ
4500,OWNE
4501,COND
4502,EIDMY
4503,KUJTHU
4504,PV
4505,ODCCYLZ
4506,C
4507,A
4508,EO
4509,DCHU
4510,OPZ
4511,KRJW
4512,FV
4513,SWZHSXKR
4514,ALIBFUGX
4515,KWVWLSPD
4516,HITWBOIK
4517,RBLNCREE
4518,A
4519,ASZRK
4520,AMQCZY
4521,GXQN
4522,JIO
4523,TPZSOG
4524,A
4525,CFM
4526,XDLQ
4527,IPK
4528,KSZFWGKLT
4529,FIHNLND
4530,TYVWO
4531,F
4532,VWKUHP
4533,CBU
4534,BZHLP
4535,BMZGUFKSYL
4536,JZNSYVNF
4537,EINIKGVJEG
4538,B
4539,TFC
4540,SQIORIPF
4541,GDVMR
4542,ATPZDKDSN
4543,GEB
4544,DQU
4545,EVRPZD
4546,GGHOTE
4547,IFOPEOERV
4548,EHQHHQK
4549,BZD
4550,A
4551,GWGXO
4552,EVFP
4553,F
4554,IOPVC
4555,HF
4556,CTOFJKHD
4557,KERHXERIGB
4558,TMDUKDEKI
4559,BFUNZF
4560,L
4561,BG
4562,MFXZHMV
4563,FDYPXJES
4564,OKZRBQW
4565,DHXJHMT
4566,HK
4567,DQTNCRRZYX
4568,CB
4569,RFVYDGPB
4570,HOGNX
4571,HTH
4572,BCOZYP
4573,AEH
4574,EL
4575,XRFKQXBYF
4576,AE
4577,BDZP
4578,ETVE
4579,IYXDZPLOG
4580,DDKEQI
4581,HJ
4582,SNGFODUCDW
4583,EUSDMLYLOR
4584,DEM
4585,AURZTJH
4586,DDTULZX
4587,BZKDIW
4588,ECP
4589,AFWKWI
4590,ONJNRM
4591,DY
4592,NSORBCXPS
4593,EKPZHY
4594,CTI
4595,AY
4596,C
4597,A
4598,DOHUVSXOT
4599,BZO
4600,THGQ
4601,LFSEPPLHM
4602,KELE
4603,BHMCNK
4604,CUGQ
4605,BIVOGPL
4606,CRKEQGMHJI
4607,BFKTKP
4608,MKQUGRF
4609,BHLQ
4610,CHGKP
4611,CGXBFVRS
4612,D
4613,BFBXMLPG
4614,ITJFSQ
4615,BE
4616,JPDGHFY
4617,EXQEGVMTLV
4618,ARG
4619,JMXKPZFG
4620,EWP
4621,AZBQU
4622,AOSGHUUGJ
4623,J
4624,ARWLMER
4625,INE
4626,HDBLOBGCVR
4627,IFRNGJIG
4628,JEXTRGT
4629,AVCZF
4630,GGIUHBJKTK
4631,JJVVOXWN
4632,YKP
4633,MXCJV
4634,GMQDEDP
4635,S
4636,CJYRVOQDP
4637,DMGUMGYE
4638,EZYWIT
4639,AHWHQBIYIX
4640,QOIWWVDV
4641,PJMJ
4642,C
4643,NOC
4644,OO
4645,NMHUQQ
4646,AIMQR
4647,M
4648,BESM
4649,BXUWDQFB
4650,FB
4651,MGBVRSR
4652,EYUHBML
4653,AQTKUZW
4654,COOUYSDZGJ
4655,EVGNEKMIUK
4656,BUQGKKXUIT
4657,CYF
4658,UY
4659,C
4660,AUUMLDXDJ
4661,CZ
4662,AQQ
4663,UII
4664,DVTXZLRUPO
4665,IXECZ
4666,ACQLYJQGLO
4667,GVGKCQ
4668,ER
4669,HHF
4670,CLMFDSGOBG
4671,FFXOERW
4672,ANPJHPUEWE
4673,QVKLZISBWU
4674,DOGFP
4675,AEJMI
4676,JLSSRXVPKD
4677,FLKQO
4678,BQDUYESUE
4679,A
4680,AQ
4681,JBZFBXSKM
4682,BBZVLRK
4683,PD
4684,L
4685,PLFK
4686,E
4687,FPXVCOXFQ
4688,DDNWFRJVQI
4689,BXJLSU
4690,HEXI
4691,BHK
4692,PYNPUDBFE
4693,IUOEXTJH
4694,DIMV
4695,FESOHU
4696,CWKWRUFRW
4697,I
4698,GVDEIWPZ
4699,DPFBI
4700,GNGOWDODG
4701,FQT
4702,CZGKUR
4703,CVSY
4704,U
4705,KJ
4706,MXYHBOWS
4707,INEQHCJX
4708,DLDX
4709,DYGR
4710,IL
4711,AFBDWX
4712,DSQKRM
4713,OCWBQTWN
4714,HBT
4715,AVGWQSOWB
4716,DKPSVJ
4717,E
4718,EFKCDZXZWY
4719,GTKWTE
4720,AJCNV
4721,LUVR
4722,ABJT
4723,UYZW
4724,ER
4725,DBZROYBT
4726,FWRG
4727,DCI
4728,MPEYRG
4729,BCYV
4730,QFF
4731,GJLXR
4732,IVNZ
4733,HZNK
4734,SWPIJWSPY
4735,WZZBQHFWCR
4736,FPEYQ
4737,DG
4738,AI
4739,BWHUX
4740,A
4741,MH
4742,GRVWEXILX
4743,KTLTE
4744,BDOCNSVYP
4745,LIX
4746,RGBIXKB
4747,MIFLQKEI
4748,A
4749,KS
4750,YZIOKFZCFB
4751,BJ
4752,BGZIYGX
4753,QWQBGUHUB
4754,FFLSBHKM
4755,E
4756,J
4757,LNYDY
4758,NHS
4759,HIROP
4760,B
4761,IBGLJVEPYD
4762,ODVHX
4763,Q
4764,AZQFXXHMN
4765,BXJBYBUB
4766,GRLPZKRXXT
4767,JWS
4768,AWHMRDSX
4769,DLTPYYWKCF
4770,AB
4771,CQKUHTPP
4772,EJGHPNRFQG
4773,AJURCQCMCO
4774,JJSBMX
4775,LSUNKPDBD
4776,APWD
4777,STXROMHCU
4778,HRT
4779,MTIWXPCEFR
4780,OUOJKTGL
4781,ABDTRSY
4782,GI
4783,NOL
4784,BBFK
4785,GHY
4786,AXK
4787,ETMU
4788,CIK
4789,SXERUDHU
4790,RRJPIKYSP
4791,METUGWH
4792,DKCQHYYW
4793,B
4794,INELR
4795,KCM
4796,LXVE
4797,CSVNPFHO
4798,ATGSZNI
4799,RH
4800,QHF
4801,B
4802,EQMYYU
4803,BII
4804,CIT
4805,KXMXY
4806,OMJ
4807,LTLZY
4808,BKVUVNL
4809,AHMJEPHSWB
4810,GCIMNULR
4811,CZ
4812,CRZICP
4813,CULLNQN
4814,NSNWYRGVOB
4815,QWRBXNEOCO
4816,D
4817,BQFBSRREMN
4818,AE
4819,PGPRVKOQKY
4820,OIPKY
4821,ROPOKO
4822,EWPWQMUDCR
4823,FFC
4824,KMONGSHCWG
4825,BCDLMOUS
4826,BCEL
4827,AJGVQY
4828,AUJLXMWXI
4829,ALY
4830,CXIWH
4831,KUCSQJXZJ
4832,D
4833,MOWDXYLCC
4834,KZOCZUTBCK
4835,CFSIEX
4836,NSYM
4837,KKHUWOV
4838,BNXP
4839,CE
4840,FSRC
4841,ACEGOFD
4842,KBCRG
4843,EVGV
4844,WZJUS
4845,ACM
4846,FSKHHSX
4847,T
4848,AMZBEIDHZ
4849,BFQ
4850,D
4851,FINGKKOSYJ
4852,ECYFB
4853,EIBKJTBS
4854,BDVDGU
4855,GJDYLU
4856,BTFNF
4857,PMQRL
4858,AYGU
4859,J
4860,EUZR
4861,GD
4862,ASPB
4863,CP
4864,LZJOTWFWS
4865,AZILMGI
4866,Q
4867,ESPWTHI
4868,JRYI
4869,VVQVH
4870,EHKJRNWKX
4871,EWD
4872,BMZJREPJE
4873,AO
4874,KZBSQJD
4875,J
4876,BRDL
4877,IX
4878,BHZREU
4879,CGZQ
4880,AOEVORRD
4881,ES
4882,ADGUWCCFF
4883,GUVVFQGNIH
4884,GMQS
4885,CMPIOPLOQ
4886,IQFXVMCO
4887,DTGLELLT
4888,ADKEBMIYL
4889,BMB
4890,SL
4891,ALXGRP
4892,CSBZH
4893,ATPYKYL
4894,J
4895,CINPSFNO
4896,HRZCQVJ
4897,NNF
4898,HIOWRB
4899,DJCVQP
4900,MKPVFXPW
4901,MDPOVLLJN
4902,DRKZB
4903,QLGJ
4904,DO
4905,DCUUNTJH
4906,ISQKKYFHX
4907,HMZPCNTLBZ
4908,AYCOZV
4909,G
4910,KFZ
4911,BNDP
4912,ESTPDORJIT
4913,HRVPUUOF
4914,BIPWJQHVZ
4915,L
4916,IP
4917,ELXBIZ
4918,BG
4919,D
4920,CBFNKDH
4921,INMNBSM
4922,ELZ
4923,BS
4924,QXYVTUHMFS
4925,MDYDG
4926,LDSVKUJH
4927,J
4928,CJM
4929,A
4930,LCF
4931,MUDJ
4932,DLT
4933,FHKYGVDQ
4934,AVQM
4935,QLCPHI
4936,APYDQVBNNI
4937,HC
4938,GZZWW
4939,BHZEG
4940,EBDBKFEEIX
4941,DILWF
4942,FWZKZBT
4943,AOIUZEKNSS
4944,WUICIUM
4945,B
4946,QHIHQMTVHZ
4947,JKJPY
4948,CG
4949,DY
4950,AT
4951,FZFDUDMEOI
4952,E
4953,DOUEKJXEB
4954,COEQ
4955,BWBEO
4956,FEYHWOY
4957,PIOI
4958,EK
4959,CZYJKLJPNW
4960,CHHOGJSSH
4961,WYPK
4962,GUMEENPKSW
4963,DSYZ
4964,GPMJBYOK
4965,AUQGTT
4966,JGRE
4967,F
4968,BOXKCZRO
4969,RURYXOKN
4970,CKBEQZHTBV
4971,BKJT
4972,LLD
4973,AXCGHJVOT
4974,KBROOTLLD
4975,DQXSEGOH
4976,BTY
4977,ASJT
4978,G
4979,A
4980,QEYPMJS
4981,BZHPXYFGFR
4982,LNJJLDPM
4983,HQJFFYJ
4984,HUQGTJLXM
4985,IMB
4986,GVUOERKBZL
4987,JDZMLHD
4988,RP
4989,MWVQLQCZ
4990,ITCMWQLLIC
4991,PBFNBOLBO
4992,PVVK
4993,BHTGOJONHU
4994,AGLHPHWPP
4995,FZ
4996,F
4997,BUMI
4998,I
4999,AXO
5000,NNJ
5001,APEG
5002,NLVF
5003,ADXYNB
5004,A
5005,EPVSTTCL
5006,FWHDLGW
5007,BVHGEDBMMN
5008,QMJCNWWBW
5009,DNZ
5010,V
5011,ILDCDQ
5012,AHCFQSN
5013,E
5014,LIWJ
5015,CQUUONC
5016,HTRW
5017,RBJOLCH
5018,LU
5019,FFTE
5020,ODCLV
5021,PTBM
5022,DK
5023,AKCJGDVMVP
5024,BGMKHVLYG
5025,QFPKPM
5026,EQKHFCMFQ
5027,CESYHL
5028,EXD
5029,MWEWKDFHY
5030,CDJ
5031,D
5032,M
5033,CU
5034,E
5035,CBIJYEDNKK
5036,AJJGN
5037,KKFUIPXNT
5038,ADV
5039,CTEUM
5040,OGRFCNU
5041,AEBJWO
5042,GU
5043,CYODHYKN
5044,DMNGUBX
5045,BXDBSQ
5046,DOZOYQDOIF
5047,EHDTJWDGLZ
5048,B
5049,CSYGM
5050,OMFBGTVWUX
5051,BEZMFN
5052,OTOB
5053,AWPV
5054,TFHX
5055,GDMXMOZM
5056,QNT
5057,MIC
5058,DTFGMNM
5059,ARGGPV
5060,AUJ
5061,ADML
5062,ABF
5063,BNOPJWK
5064,DJRQ
5065,BMLKSNDW
5066,BISSZ
5067,BQYEPWRULS
5068,IOZMUI
5069,NI
5070,BJZRJZF
5071,FIMWVQZQO
5072,CKQIV
5073,D
5074,FSHPDWB
5075,FWNITJO
5076,DWRLEVNR
5077,LOGSREMKEZ
5078,CE
5079,SLZVBHVY
5080,QVQ
5081,DNVUIII
5082,CCDUHMH
5083,CCD
5084,ICLZSUJBN
5085,IYVTYKFIWK
5086,AYUCG
5087,APEG
5088,NT
5089,A
5090,BJCHXTV
5091,HQVY
5092,ACNRK
5093,BO
5094,B
5095,BSWRBDPT
5096,AUVZCGUC
5097,DY
5098,GSWGURPT
5099,CEISML
5100,PNKZGCYPQX
5101,NG
5102,ASQUD
5103,SWCWFHOFY
5104,BXJPVL
5105,LD
5106,LC
5107,CK
5108,A
5109,BHXESLRBG
5110,BCW
5111,CZULNKCUOG
5112,DRDK
5113,AIU
5114,MWSS
5115,AQCYHBBG
5116,ANGG
5117,DLK
5118,DPURZY
5119,TPSJGROG
5120,DP
5121,EUPD
5122,ARY
5123,UQYT
5124,JSSQIHWKYI
5125,BWZE
5126,CFKXJ
5127,KJSTVRGTC
5128,AJQIXUNN
5129,BXJWLGUHDM
5130,ATBUI
5131,AVHOZWB
5132,BSWDJ
5133,D
5134,AYXKDZMS
5135,AKNEQOP
5136,KETTEV
5137,DZNGRM
5138,M
5139,ERIJQL
5140,GG
5141,DCTHSUIRQT
5142,BZTVG
5143,DRBKVXVZU
5144,BTEOBPPDQ
5145,EUYVYVEDQ
5146,JEROOU
5147,YUXYSRIMVU
5148,HFBH
5149,BNCVYL
5150,M
5151,FEXLLGFN
5152,GTBKW
5153,GZCC
5154,CUNIZ
5155,FNEKDZDMJ
5156,CDGPHTNOJ
5157,L
5158,BJM
5159,FI
5160,DEDNH
5161,BUIKDF
5162,BTDCDOLG
5163,AKRUHJ
5164,CQWS
5165,EWYNMSRJ
5166,HCEEOVIN
5167,LGBUNEBIT
5168,WBUE
5169,EZQFHFY
5170,TBEHINQVWF
5171,B
5172,MS
5173,BBERKQT
5174,DGWLWO
5175,CLT
5176,BUKFJBFKRX
5177,U
5178,IQKFSYKMBZ
5179,DPI
5180,FIKZX
5181,DWYJUEHR
5182,LJBZEPY
5183,BHBDWQH
5184,PJZ
5185,DLDTNENTM
5186,KNUB
5187,UZ
5188,DEBUMCPN
5189,JOSPTBCKIG
5190,BNR
5191,AWZ
5192,KVNYJOZRYD
5193,BVLLTWIMRC
5194,QQ
5195,CW
5196,EUIVCHI
5197,EQH
5198,BEOJCFZQG
5199,BBMZJHMISB
5200,NGVDLEDYCV
5201,ANQ
5202,ANGRMJU
5203,HC
5204,AKNRXZYDER
5205,K
5206,HJN
5207,ILGBFY
5208,EYHV
5209,FOVJ
5210,CW
5211,DSQYEJRFG
5212,LLWNW
5213,ENNMTV
5214,CUSZJ
5215,BHBLGGB
5216,X
5217,AWQ
5218,EDLZTUS
5219,LRWNQEYCL
5220,BT
5221,MQZO
5222,BUZQOJZDD
5223,PXXJCQSEOY
5224,K
5225,EXWSJVQET
5226,CH
5227,EBQIKNURN
5228,TVFOZXII
5229,AYTLWZQ
5230,OYIKE
5231,H
5232,EFFJOVWH
5233,YF
5234,PL
5235,BXTXBTIEH
5236,GIYFKK
5237,AZYX
5238,FHXE
5239,A
5240,CXKKFRSQQ
5241,MWVSTLPTU
5242,GPBEU
5243,CXPVNTBSES
5244,COWNXZQFI
5245,ROQO
5246,EGPRZTD
5247,DKSGRXCGJD
5248,BMZ
5249,FZPVLUXG
5250,FRSLLEPS
5251,GBZGZXMNDI
5252,BHHIRMQSEK
5253,HJ
5254,ALOOXO
5255,CCWWYC
5256,EK
5257,AYLT
5258,OVT
5259,CIS
5260,JXDGQWC
5261,CLJ
5262,C
5263,QSLNCISB
5264,QHSKSDXEZ
5265,MHS
5266,LV
5267,RTL
5268,LLPTRJTQH
5269,IMTLULINN
5270,ED
5271,JTVLES
5272,UYLPHRKLH
5273,PNPS
5274,TQVWEHMCHZ
5275,NPGX
5276,DCZV
5277,AQHZRRLBNH
5278,JYYFDLCI
5279,BGJQU
5280,PEKTZBWUW
5281,BXKBMHV
5282,FPZ
5283,C
5284,STVDEW
5285,DBCYHJEKL
5286,CSVR
5287,HSZHUL
5288,FNHQJRX
5289,F
5290,IDXVP
5291,BHP
5292,A
5293,QGWMLVHQUJ
5294,JMIUEKS
5295,D
5296,OYTKOL
5297,BSCOBX
5298,AKEZVS
5299,AQJRDSX
5300,CHYKUOZS
5301,KWNBXIF
5302,A
5303,BTRKGTRM
5304,DJEJNRDZT
5305,EJMZFCSV
5306,DPEMPUHUMS
5307,DCERVNWQW
5308,S
5309,PNRXFYL
5310,ADBGST
5311,KWORLYH
5312,NPSWBK
5313,EOF
5314,A
5315,BK
5316,GMZWV
5317,D
5318,IPKYOZY
5319,FG
5320,B
5321,C
5322,FQU
5323,NBBTOC
5324,X
5325,IJ
5326,JIQQJRZRVG
5327,EHC
5328,HB
5329,JYPDPYTGO
5330,GVRT
5331,IUOMZMQ
5332,D
5333,DPDUCEL
5334,BLLCBVP
5335,CSB
5336,AUUQJ
5337,CTZTS
5338,JPJXKJQBQX
5339,VPDLHTHKLF
5340,HWIWLZHIKZ
5341,AOILXGKWP
5342,BXGEJUZWCI
5343,JIVOKIJI
5344,ASOYN
5345,ANSI
5346,CL
5347,A
5348,AKWQWLYTRO
5349,LSEEUTS
5350,AJK
5351,ASTPCXYTRH
5352,AZGFSFLJ
5353,CXXX
5354,H
5355,RON
5356,OWYRYVKQDB
5357,EWCYW
5358,WXLDDZPFQ
5359,PIMUTMOS
5360,JWWWPGPIVE
5361,GRCKBE
5362,FE
5363,RGCTFGRK
5364,ESMMCXENZ
5365,CX
5366,EXYSGXBZ
5367,KZTHQDX
5368,HIGQN
5369,LMV
5370,EYZTV
5371,AWWBRF
5372,BQ
5373,MF
5374,BCEVDGZSL
5375,JHVOXCKX
5376,DPOB
5377,DFHRI
5378,CNOHPEWCP
5379,JOYTN
5380,ACQBU
5381,ANKTY
5382,HF
5383,BVTQRUXOXZ
5384,UJHEBKZMQU
5385,APLHFN
5386,ULEVO
5387,MWFRBMNZYM
5388,CGQGBMQYZN
5389,XRKU
5390,MMF
5391,CNEOKFVVSH
5392,MXIQG
5393,CTT
5394,HYUXR
5395,BBTKFQLV
5396,FNX
5397,GTN
5398,DQVCC
5399,AZTLPOM
5400,IVQFSBVWM
5401,B
5402,DFLMKFIVU
5403,FBQMQ
5404,LCXYSD
5405,EXDYB
5406,AKUK
5407,AWBDDF
5408,OF
5409,E
5410,FSYLZ
5411,AYEZWS
5412,EPOHC
5413,CVOC
5414,HZZ
5415,CWOBQRC
5416,MLYNLRKYHU
5417,AN
5418,EMSKF
5419,CNOMRCN
5420,KRXVQE
5421,BSOP
5422,DZUVZBR
5423,GOOZHSPMRH
5424,ARDC
5425,CWVVR
5426,A
5427,ALO
5428,FJPQTXMUK
5429,DGXJTLR
5430,SHEV
5431,J
5432,BV
5433,ULN
5434,C
5435,BVS
5436,FESE
5437,NL
5438,QXIED
5439,KXBJPR
5440,HVTBSZDR
5441,GSSQZDCVSN
5442,PCWYJU
5443,AGSDM
5444,BPTBXZQ
5445,BETZBNRXFO
5446,IMQD
5447,PT
5448,MMIT
5449,BY
5450,JUHYHB
5451,BWK
5452,BRO
5453,IP
5454,ABYDBPW
5455,EJLDYSI
5456,CZBGWWQEB
5457,BWQNMUWO
5458,DWVNVLTHT
5459,DDTBZCQV
5460,CRCD
5461,KPSVZVE
5462,KP
5463,JLFRDY
5464,AIZYERPJ
5465,DOVLDSZISJ
5466,GD
5467,VXSQZSQHJY
5468,DCNWH
5469,OL
5470,DGG
5471,GH
5472,Y
5473,RWOJXMS
5474,HYOGL
5475,KTK
5476,JICHICB
5477,LF
5478,AJE
5479,AHEMT
5480,FYFP
5481,FEPCIKR
5482,JOLNIJXQZL
5483,KLEOWR
5484,EOXQ
5485,CVGEIUC
5486,APRBEW
5487,D
5488,TUKG
5489,Q
5490,ADKCLBXXKF
5491,BBSYTZLU
5492,LWHYZPCOG
5493,ED
5494,KTI
5495,GQKUUTBSJ
5496,HDMYBWSYI
5497,BDNQMVHF
5498,GV
5499,EXKJOTHD
5500,IBKQQC
5501,LOJSKLBM
5502,QWUYNU
5503,REXCVSHQTI
5504,MNWFQFDGL
5505,PG
5506,BBBLKUBJ
5507,EN
5508,DSLHPOPPYR
5509,CG
5510,BE
5511,IDESUJ
5512,DDFB
5513,BJHXXFTMR
5514,QKJGO
5515,BPRVV
5516,QVCDQHE
5517,VBMFVBC
5518,GWWRFIYW
5519,AZWJ
5520,DRSN
5521,EHUTM
5522,BF
5523,EOTQZRMBHS
5524,NGPDE
5525,BEQCB
5526,HXD
5527,ML
5528,GTDZLH
5529,AFCJNTIYO
5530,IDYTTYX
5531,A
5532,AIOMPKVT
5533,TCTFTTUDE
5534,KFSI
5535,NWNJSCCXKP
5536,AY
5537,BEGEP
5538,FZJKZYC
5539,AVQHC
5540,DZS
5541,A
5542,JJVSIBT
5543,CKOZDG
5544,F
5545,KHOO
5546,IM
5547,FZW
5548,DKELFJBI
5549,CHVR
5550,M
5551,RCBWV
5552,BTYJZPKUWJ
5553,CK
5554,DKBFVO
5555,DXRGFG
5556,JKNBLIL
5557,ALWJY
5558,KHMTK
5559,B
5560,AEGMIWC
5561,BUGLCJREG
5562,LJOG
5563,KBTHSQ
5564,PEDJBZWLQ
5565,FJPKP
5566,D
5567,RYMSBGXIV
5568,BQNSLWTBFH
5569,FWJPDWFHJ
5570,GZ
5571,POEHSPRR
5572,N
5573,FHM
5574,LTETOJ
5575,KSMOIL
5576,DQIVVMQY
5577,KHRQXF
5578,PRVUMSZJ
5579,AE
5580,DHU
5581,FITWF
5582,GEFRY
5583,DJXCBFYTQT
5584,KYXDEX
5585,C
5586,MUYROIXT
5587,LFVTPJCCWM
5588,BKNRK
5589,BG
5590,BGSPUMDIU
5591,AR
5592,MLT
5593,AQYWWQKK
5594,EBPYCZG
5595,GQVPQQZYO
5596,JBO
5597,AUVZRT
5598,GDKHVFFDC
5599,AKGO
5600,T
5601,AINM
5602,AUFRU
5603,JWGD
5604,AD
5605,BTCIW
5606,GDYGFG
5607,FH
5608,AQPPRKUC
5609,A
5610,DSB
5611,D
5612,BDVSVRTSLP
5613,DT
5614,GJWPT
5615,CMX
5616,BIESBGP
5617,NPRXDCM
5618,HUTHDNOQIP
5619,BODODON
5620,D
5621,KLQBS
5622,BIZCR
5623,ERFOFDTF
5624,BYZXNLOH
5625,BTXD
5626,NUDKRLVQM
5627,MZWLYUU
5628,HNOVW
5629,L
5630,OXYJFYE
5631,FMKPIXQTPT
5632,KYQD
5633,EVWGEGGMO
5634,FKXGXWL
5635,ANDVKPREUL
5636,CCQKDK
5637,GZEBMCWM
5638,BWY
5639,KBEICXHZ
5640,D
5641,DKYCMGW
5642,CET
5643,DHKUPGOWBD
5644,MCEMDF
5645,FHWS
5646,EOYYN
5647,JDMDMNYXU
5648,AFOD
5649,AUQTIOIB
5650,CWOKNFHRV
5651,JUVTKQ
5652,GTTEMOTOHK
5653,BSGZ
5654,I
5655,IN
5656,OEDWMRS
5657,AUWIQEQIN
5658,ANK
5659,GLNJFSQRY
5660,G
5661,PZW
5662,EBGQDQGBI
5663,HJDTLYZU
5664,BEBE
5665,FOCT
5666,ANBSPDKIFT
5667,C
5668,M
5669,D
5670,AZD
5671,IGQB
5672,BKI
5673,IQOQWYS
5674,GBRR
5675,MTDSZS
5676,DVYJNPHCJW
5677,EXQRXWQHW
5678,JUNFVYMQ
5679,MMZBBYPUT
5680,ARFYYS
5681,EESOYFBR
5682,FIJK
5683,DTYUEC
5684,GWB
5685,KE
5686,FBSPLKY
5687,WOBCZG
5688,ADV
5689,LDZPBJ
5690,A
5691,CRE
5692,P
5693,BFD
5694,A
5695,AYVBGWOCGR
5696,G
5697,AOGKNZMHC
5698,FWUUC
5699,CXCDPXXU
5700,BY
5701,FLJVFZTDH
5702,MJLDEWDJ
5703,AMIWLJQ
5704,CZWKKNFTQX
5705,AZC
5706,OVKWHFRUH
5707,FMXCJTNWWC
5708,BHTGONKBID
5709,KLNWKBMMCV
5710,VTF
5711,APCSZXVEI
5712,BLFSL
5713,B
5714,SSUVMZYDF
5715,CQHZRQCMN
5716,BWNON
5717,JLD
5718,J
5719,CSBGFH
5720,HIKXKCXQH
5721,B
5722,BFIXUBLVIL
5723,ANWU
5724,AMOREESHN
5725,CC
5726,JXIED
5727,CCVONIZW
5728,DMVFX
5729,ECSXCSEOOT
5730,JOB
5731,COTVXTHGG
5732,CVILGXS
5733,LUZE
5734,ALWN
5735,BXDBFCVGHD
5736,FPSKM
5737,FE
5738,VCSPOJUOK
5739,JLQY
5740,AQDXPVSSC
5741,KIVWP
5742,JGS
5743,BBFJHKC
5744,K
5745,BHXCVJQ
5746,CRU
5747,ICXOIWZEZ
5748,KIPUKVJQ
5749,WEUI
5750,MXGFC
5751,KE
5752,SRGTI
5753,AHW
5754,ANRQ
5755,QBFBUU
5756,CEFJWO
5757,IHJCFNRILQ
5758,CUQ
5759,LFZ
5760,GZNP
5761,KVVODFL
5762,GMMHXQCVD
5763,EEUMDQFL
5764,XXDC
5765,CEKMSN
5766,DWGG
5767,AUTSKVUSL
5768,DWR
5769,ORKWHV
5770,DXIJ
5771,OO
5772,DBM
5773,JOXKTNR
5774,EZBNIXN
5775,GF
5776,HZNKMHPJEV
5777,EDKZECONP
5778,RWOGN
5779,HJG
5780,T
5781,ECRZWB
5782,BSOSGS
5783,E
5784,BYZUIHYRY
5785,IL
5786,BJP
5787,HIISEJWUG
5788,D
5789,H
5790,BT
5791,BFSLNLR
5792,AXIVRECYGH
5793,J
5794,FWNKDYET
5795,EUUNHSX
5796,GZUJUVCYVP
5797,AE
5798,AU
5799,JLRK
5800,R
5801,FHI
5802,EZDEJR
5803,AFD
5804,D
5805,AX
5806,PMPYS
5807,TEDTPSFBUP
5808,GSKQF
5809,CGZF
5810,FCPGTJ
5811,E
5812,IVHEYGDDR
5813,SSEQRNMR
5814,PL
5815,AW
5816,BR
5817,JZMG
5818,BKXP
5819,HHB
5820,ELVUFMWVD
5821,AT
5822,LXLKTEQI
5823,BSFCII
5824,HJKDVLPO
5825,JBBTSKMGCN
5826,AOCBCJTMKO
5827,DPY
5828,LHDCQZ
5829,BMRMWBQJSG
5830,ACQRKJ
5831,HBFQTNRGSU
5832,APTLZCISE
5833,ALLOQM
5834,ERPGSJ
5835,DSJYQCHS
5836,KFQHMCHL
5837,DBMQ
5838,HRHDNJ
5839,NQEWNYEY
5840,SW
5841,KNRNVK
5842,F
5843,ID
5844,AVJRQK
5845,AXBMWRFY
5846,I
5847,RCQDXVCQQ
5848,FIWYJQHL
5849,BWOMNYIO
5850,AQQV
5851,BNNQ
5852,MH
5853,BL
5854,QLY
5855,JMO
5856,AZHUEU
5857,BIIJFTE
5858,DP
5859,CE
5860,AYVBS
5861,CRGNLXXBVI
5862,BGPLTQDLDN
5863,QYVG
5864,DLKCMTWTI
5865,DOR
5866,DKVQVWMS
5867,FXO
5868,N
5869,AV
5870,DZWRPZTU
5871,IYQY
5872,AEZBX
5873,NLPC
5874,JZCXDHTMC
5875,GEHQM
5876,DWX
5877,AJ
5878,HS
5879,MDULYKQT
5880,DICITSMGQ
5881,AGIW
5882,B
5883,BI
5884,ECR
5885,FJ
5886,G
5887,FBQYY
5888,EVOYNZJGDR
5889,FT
5890,DRQSCUQ
5891,TNBBMFXSD
5892,GPDBCODPBC
5893,KBOWQRE
5894,HDJDGNYKCD
5895,VYFBOGG
5896,ABMLLYO
5897,AZNUQVK
5898,SUSC
5899,BVT
5900,QXE
5901,ASX
5902,PFXTR
5903,AULCDH
5904,DPJSVJK
5905,JCIWFBHXE
5906,FW
5907,AJDDHC
5908,CENESPG
5909,KOKUZKM
5910,AG
5911,DC
5912,JDHLDEHDQP
5913,CWT
5914,AOFOMQNG
5915,DSVRGT
5916,M
5917,OCVWJESJHF
5918,FMWIRGRB
5919,AWJJLK
5920,LLXRVDPHE
5921,ATE
5922,ASS
5923,HZM
5924,E
5925,LMOUJ
5926,APIIUYPBG
5927,OLILDWJOSP
5928,BQBTYMGFI
5929,FJPSL
5930,AL
5931,EPNW
5932,HYPICP
5933,ETJXGYWINO
5934,HC
5935,P
5936,BS
5937,CMRGMINZF
5938,IVH
5939,HQ
5940,LUY
5941,AG
5942,GYWDTTR
5943,EMPMJNCU
5944,IPBIEILMO
5945,EW
5946,DGGGCT
5947,CTIYRIDYN
5948,CWBM
5949,HTGZIYPXW
5950,GS
5951,CKDY
5952,JZYHZ
5953,LJQKE
5954,BCW
5955,HFKPDMZY
5956,X
5957,DFB
5958,BHLFQWC
5959,EOLJPG
5960,FUET
5961,LWGFLHH
5962,KMTINTI
5963,DRCEBCLC
5964,LJZCCGLYOQ
5965,FEBSFCWFHL
5966,HBZDVYRYM
5967,CJKERN
5968,AL
5969,G
5970,BUVCZKS
5971,GMLPGBB
5972,ABZMIFNMU
5973,MK
5974,DC
5975,EZ
5976,DHRHIP
5977,JSCUXIWGR
5978,CQFMLJMS
5979,RSYD
5980,HXI
5981,ARQHLRO
5982,XYTDGPQQ
5983,T
5984,IUPCMLWBI
5985,CRVR
5986,CTUETNRYF
5987,KD
5988,EVTXFBS
5989,BJY
5990,GPLVGH
5991,BXV
5992,BVV
5993,ANFTH
5994,KHO
5995,E
5996,EQZBXV
5997,KURZVTW
5998,DWW
5999,IIRMP
6000,DIORE
6001,P
6002,UPZUZ
6003,EL
6004,FIDUOIGZT
6005,OOQJGY
6006,IHJKG
6007,CDDI
6008,AUYLK
6009,AUWMFGQI
6010,XXN
6011,BMZDT
6012,BDYFDZJYR
6013,CQPP
6014,AXMBJRMCQI
6015,OWBORDHP
6016,C
6017,FYYMLQNMI
6018,GJRQ
6019,AI
6020,GGQESSX
6021,NEPW
6022,OLNXLUZHED
6023,AZVMQMQRNG
6024,Q
6025,A
6026,IPYVXPEPX
6027,AENGWZ
6028,B
6029,AQFFWKOND
6030,KQL
6031,LSGHOBRNQW
6032,POUWNJ
6033,DU
6034,HWVOGWDN
6035,JMTPSW
6036,ERNSYDTE
6037,GHZEIYBXTI
6038,IOEWWJ
6039,FFO
6040,IYMYBOFLIT
6041,FPXCE
6042,EI
6043,AZUV
6044,FCFVRKOHK
6045,B
6046,CDENBSXDIJ
6047,GUQJ
6048,FLHOWKU
6049,K
6050,EX
6051,AXM
6052,OOK
6053,LQ
6054,C
6055,AWFHRUD
6056,ABHG
6057,N
6058,BSBK
6059,AUDT
6060,IBBUIPMG
6061,AZIJRNW
6062,BGFRYU
6063,QDKGGXWR
6064,GKENNSPEKU
6065,STWQOVKVKV
6066,DTJZLGBGXG
6067,LPOUOHX
6068,JSTUHDXPUB
6069,PT
6070,EC
6071,VEX
6072,HO
6073,BZEQ
6074,TBCZOWMXF
6075,JHJL
6076,D
6077,AYLH
6078,DKOVUZETHI
6079,D
6080,BVXFVPK
6081,AS
6082,AWIQLGFLK
6083,R
6084,BELOBE
6085,DMQX
6086,BIRVML
6087,CZBE
6088,VK
6089,BCMIQ
6090,EOJ
6091,LYXMSYMNHR
6092,CSVBZOPR
6093,HN
6094,PFGSZRP
6095,R
6096,KKFYWSZO
6097,HMWULJNP
6098,EOSCBQNDLX
6099,B
6100,E
6101,EJESQJJ
6102,DOF
6103,BOVZJC
6104,EMZLPP
6105,JFQZN
6106,GGQKFLJ
6107,CNJCVNJ
6108,CHBLE
6109,F
6110,IXFJ
6111,BCJ
6112,B
6113,CHI
6114,EUMRMMLLZ
6115,JYKKVVGVR
6116,MGKM
6117,AOPSK
6118,EHYSEWG
6119,PEHPW
6120,OCU
6121,DIF
6122,KUFNPDQX
6123,EDYJYCK
6124,GVSHQQU
6125,EEUTX
6126,DZIUGU
6127,CIHZDMGR
6128,BVFPPBKONJ
6129,CKFNEHJQST
6130,NQJ
6131,AHK
6132,D
6133,FHQZB
6134,IOOPYFOGEY
6135,N
6136,REJWXW
6137,CDVFRL
6138,AJS
6139,CNXNWY
6140,Q
6141,CXTYL
6142,HCZ
6143,IBXGQCV
6144,CNLD
6145,AZXEE
6146,BPSFK
6147,PRQWZMNT
6148,KIZTTORPZ
6149,IQKLQHSYES
6150,AU
6151,Q
6152,GSCBKN
6153,BPRECUUWV
6154,OLZYLSDP
6155,GYH
6156,IZBGDQUSRQ
6157,DCDSMBJTQU
6158,AG
6159,CQWLCURJZ
6160,FKHRWR
6161,GJ
6162,SQLJKK
6163,MQZZRUPE
6164,DCSNYSG
6165,F
6166,AXMQLHGQ
6167,LJGMCTU
6168,IQDYPKRJWV
6169,MEBRVBY
6170,EPJUYTRN
6171,GB
6172,FGVMJL
6173,F
6174,DVI
6175,ERKILHG
6176,BKGTNBCHZ
6177,JIEQ
6178,QPSDITEKH
6179,MGIDDG
6180,KJMQDHXCT
6181,ARQZ
6182,JXEENOT
6183,A
6184,BXHWGKTC
6185,CIZ
6186,B
6187,HIJMS
6188,SPJK
6189,ANRHLV
6190,BHO
6191,CQ
6192,BNPFTFTJ
6193,BO
6194,MX
6195,HGPINX
6196,CUKS
6197,R
6198,ARYCCY
6199,GXSC
6200,CHTHFJ
6201,SW
6202,A
6203,A
6204,EXHHBW
6205,XBQDBMNRDX
6206,CP
6207,NFDUXUH
6208,AVWRRK
6209,PWYUEBHQ
6210,ESVLKN
6211,FGLFZXD
6212,DZSQFPNUMW
6213,BCWRTU
6214,ESCXKQ
6215,SKC
6216,DBVXFJNQCI
6217,GKLIKNEFI
6218,NWD
6219,E
6220,CKOZJGFLJ
6221,X
6222,CJB
6223,AO
6224,EUSZBYWIF
6225,OFJLNYNXWW
6226,GPPFGNT
6227,ITWMNJOL
6228,T
6229,MRLWCX
6230,CWWWP
6231,AMCNUIUCSJ
6232,FRNB
6233,CLUESNQMFF
6234,AVRXBIQO
6235,JQQK
6236,EECIKNPME
6237,JES
6238,CPLBLWXN
6239,CML
6240,PLEKH
6241,GMQGGOU
6242,KZRBG
6243,QSZCTDFFGL
6244,JLECRXNK
6245,CKWMV
6246,C
6247,GNMCVLHV
6248,KZYD
6249,PYIQJONWG
6250,QGGZG
6251,GHWJRG
6252,CTOWPI
6253,NJGRWCTBJQ
6254,RMJBQGGY
6255,DS
6256,DNKNOJGN
6257,CDOCDSPVHW
6258,IOSSJM
6259,CQUNGUWC
6260,QTJLGS
6261,CEMBSZ
6262,Q
6263,ETNR
6264,GJM
6265,EJLGPLVWSG
6266,CGJJZXEOHP
6267,AIUVE
6268,FFEYQMXN
6269,GONSTGJNWE
6270,TSXDVTL
6271,BRYVH
6272,DKWYYGMX
6273,EWC
6274,EEQGY
6275,HYLRSTLZPQ
6276,MMUFY
6277,LDESUSWTL
6278,HZS
6279,EINQBMVECL
6280,EIFD
6281,KHQGDJGYWN
6282,DIDOXVSZ
6283,OLS
6284,DTQT
6285,CCEXOUR
6286,ATSTFWRRQR
6287,KNVU
6288,FJKTUI
6289,DHDM
6290,A
6291,COVPXSH
6292,HBGYDJFFZI
6293,AZHPMKSW
6294,BWECZ
6295,DQGR
6296,QKIJVU
6297,HUBCQV
6298,OIERZVQK
6299,DON
6300,ETNJVSKTWC
6301,ADZY
6302,HICSOWBGG
6303,JXP
6304,M
6305,CCZBRJWPW
6306,EOCYYV
6307,KIS
6308,CMCJBNU
6309,MTOY
6310,DC
6311,ERFQFRB
6312,EDOM
6313,AIFCJD
6314,GM
6315,GX
6316,ATBSW
6317,AHE
6318,XP
6319,EXOMTKUNZM
6320,AIH
6321,IHLJPPV
6322,EJUWPU
6323,BHXGOJHW
6324,LNKYBUDO
6325,RMDSPUX
6326,KZLNHCM
6327,GK
6328,AB
6329,FJX
6330,JFRGGVQEI
6331,RI
6332,TJMTNOTS
6333,A
6334,EPFUY
6335,LRNGE
6336,IVFHHKF
6337,AHGLCT
6338,D
6339,KNLLONWG
6340,CVVBSK
6341,CGINFEJ
6342,AY
6343,CPZY
6344,QHQ
6345,WP
6346,BXYNOXEG
6347,EMUQ
6348,BXNLOS
6349,BBGWVYK
6350,NE
6351,JGRBO
6352,E
6353,DJLUNME
6354,BQF
6355,JKDLDGZ
6356,RVTJOM
6357,QOIW
6358,LEGPIFOYG
6359,L
6360,TKMLLLD
6361,CSIGZHLMB
6362,DBFFUJMF
6363,ASXZSXRNGV
6364,JRXRVCLXFB
6365,JDHSNE
6366,C
6367,JVHU
6368,OPDMSE
6369,CWKGQQZETN
6370,EGJBSTRYG
6371,HIG
6372,DFYCBVZQ
6373,KI
6374,C
6375,GMFNBTD
6376,E
6377,JNCNUL
6378,ISLWQVB
6379,BBN
6380,AKUUPCLWLF
6381,VLUCEW
6382,DG
6383,GBOYOQK
6384,KWJSBD
6385,A
6386,CSMISHOS
6387,CXSRXEVEO
6388,GINPI
6389,XOBEGDRDKN
6390,DEZCSRW
6391,BGQY
6392,MTI
6393,BHMEVK
6394,ACMM
6395,KCLVKSV
6396,EQMVYRVMN
6397,FOYQED
6398,KPNGYOO
6399,DWJPW
6400,MWW
6401,ADCLOV
6402,MMGELOL
6403,PP
6404,ULLIPSLSW
6405,FXMBXWJ
6406,UWMGPIR
6407,NXP
6408,NGWOGQPU
6409,DXWJFBY
6410,NZKXGQKM
6411,CWQSJ
6412,KHQ
6413,MHNSXXWQV
6414,KDBGRLFG
6415,DCVP
6416,IB
6417,JQYXHRQUD
6418,AZKKNG
6419,NVNWKC
6420,EKXEWURCSC
6421,GSSOMP
6422,TLUT
6423,ALSLGRWWQ
6424,FCQMSOCW
6425,BEXOVNBTD
6426,KVY
6427,ETWG
6428,IH
6429,UTSXGKKK
6430,AIPFCDNBVD
6431,QHG
6432,KH
6433,KNPYFXC
6434,QKJMPW
6435,NUI
6436,RMCET
6437,FGDGM
6438,NLDVU
6439,CEGU
6440,EWQTJ
6441,BLTXGVHZT
6442,EQMZVF
6443,AYTBTUQJ
6444,AY
6445,C
6446,BTPH
6447,KXVHP
6448,BUUVSV
6449,D
6450,DHHEIBC
6451,RSRQTJ
6452,AGMQVZPFDW
6453,MBXCJPPDW
6454,AXOKZKXQRL
6455,HUTMDN
6456,KWYDQCL
6457,JJHQWWBKYS
6458,JXRIVM
6459,S
6460,ERHJG
6461,DCJFXPRJ
6462,DWQ
6463,I
6464,BCH
6465,A
6466,IZYLZ
6467,BGHYL
6468,AZVKEREGVE
6469,AXSW
6470,GRM
6471,GBLPRDMS
6472,IP
6473,LWIRCJKBJE
6474,EJOHEQIEDW
6475,AO
6476,SXVP
6477,QVO
6478,B
6479,DPFGK
6480,DIJ
6481,CWBLDJWY
6482,DY
6483,ATPHZX
6484,KHTIFMRGB
6485,IK
6486,J
6487,BEZXWOZL
6488,J
6489,BQWPTV
6490,NYVLSDJYFR
6491,INWJ
6492,C
6493,E
6494,BDGUFOVW
6495,QMQCBMKI
6496,ICZDICLTUR
6497,BFFUO
6498,DLNVDRLNS
6499,RMMVKRJ
6500,BHYMFK
6501,AKYNTBDCZ
6502,GZNWYWH
6503,GF
6504,OXYCE
6505,IRYMVFBR
6506,BVXLFYQS
6507,A
6508,IIPDPXDHG
6509,DQVVCR
6510,A
6511,OEHBNBSH
6512,KNMXE
6513,GHJQUMHK
6514,BCOHVQNMYQ
6515,BDXLS
6516,A
6517,CFFOJIREID
6518,BWWXOMY
6519,FXWCPDHO
6520,ATZGICT
6521,E
6522,OSZCYZKF
6523,EZI
6524,AZFFV
6525,HM
6526,AQBMPSPNKW
6527,KG
6528,ALIOP
6529,ARVVZ
6530,EELC
6531,MOGTFFLM
6532,HHWD
6533,AKN
6534,A
6535,AQDHS
6536,GUSPYM
6537,PRPSILB
6538,DQV
6539,JTJCZPJYHR
6540,PU
6541,AGXHV
6542,JQYW
6543,FVEG
6544,EYORIG
6545,UUTSSYWE
6546,FPFHKTF
6547,AJGVBQ
6548,FMWQCN
6549,FU
6550,BIIMPJ
6551,OXRUZRR
6552,K
6553,ACQEX
6554,PFZGWLIGE
6555,D
6556,KPPCVKMCEL
6557,CYKW
6558,HHJ
6559,CT
6560,GKC
6561,JXXJUTBCJ
6562,MDOFWCU
6563,UECGNCFTZ
6564,ADDL
6565,A
6566,GJYGOZHKU
6567,TBCON
6568,KESIVPVJ
6569,ABGCTOQ
6570,MB
6571,CHFEEJ
6572,AUFTVL
6573,RONSOZJRJW
6574,JWSXMKGP
6575,DDCV
6576,ABUNVMRO
6577,BGFOCUU
6578,AVXCXIKB
6579,B
6580,AHUSDVU
6581,XHG
6582,FB
6583,DIIRBTZVOI
6584,IRRGNULLU
6585,GCHK
6586,FJHGWYKZB
6587,AWW
6588,ADXKHBJW
6589,AVMMLTMQU
6590,DVG
6591,CBFO
6592,PJZ
6593,CKY
6594,B
6595,AUYQ
6596,ACTU
6597,S
6598,K
6599,DPMUTVXMIJ
6600,OMRUZULN
6601,AW
6602,DQYHUP
6603,CEMU
6604,C
6605,FHNS
6606,PNSTOQNSC
6607,QLZX
6608,JSLCFENYD
6609,BQYGIOMRI
6610,GMKMPC
6611,DCYKQE
6612,NUBSGGND
6613,CBDEGM
6614,BQYMUXB
6615,ALRRUFGDUF
6616,BVYYQ
6617,FVJQKNEDDN
6618,AVGPJBFTI
6619,FGFMFYEGGY
6620,QHGTRHMOC
6621,EJIDJCX
6622,FCG
6623,KKGUQHJR
6624,ONL
6625,LQXZEHS
6626,OC
6627,BS
6628,FTT
6629,GKZIOEN
6630,GL
6631,BHBRNMJHX
6632,AXU
6633,BNXDBTOX
6634,QCCB
6635,CESOBF
6636,IPJO
6637,G
6638,HVBOM
6639,GYOBYPLE
6640,CTGC
6641,JOJM
6642,CGMRGDTZFR
6643,TZWSWVIXRO
6644,SDL
6645,CJ
6646,AMPQZCWGFC
6647,FDBMFIVYV
6648,GPJ
6649,A
6650,LELX
6651,PWLLCRUCGG
6652,KLBGTJOF
6653,FUT
6654,AVXSGMS
6655,HQOCIQS
6656,KYQGFSSRI
6657,SQFILXHON
6658,CTPRX
6659,D
6660,FKRYIJJIGK
6661,VX
6662,AENZMFGX
6663,TMZFIZTZDI
6664,A
6665,EYC
6666,AC
6667,AJ
6668,CTFYEPIHFH
6669,PORWZXPSYX
6670,B
6671,B
6672,FHENVJP
6673,QLCBOW
6674,H
6675,OGVU
6676,ABP
6677,AKTEEPDDQ
6678,AYD
6679,MZGKVOZ
6680,HDKOUCYE
6681,LOKLNFJ
6682,BBX
6683,CGS
6684,ANJWV
6685,LKRJZUBKUE
6686,HU
6687,HVXHB
6688,HPXURPKGE
6689,C
6690,BVUBXGELD
6691,AXRF
6692,MQ
6693,OJG
6694,ATQHBKZJV
6695,MNBN
6696,DDBUTWWJVE
6697,AXE
6698,DPMXTMO
6699,CE
6700,LTT
6701,EOOFG
6702,AWFVZ
6703,LFHHIBEXKC
6704,ALPWFUCUDE
6705,BDTHV
6706,RXHR
6707,FNZOE
6708,AEBULLITZ
6709,IODCCSSFQQ
6710,JL
6711,HR
6712,CVU
6713,CUUMIZDUS
6714,DKWUWJUNZ
6715,CQVBIVPF
6716,FT
6717,H
6718,CQVFT
6719,GGQCO
6720,ODDZDSD
6721,GIPIHBU
6722,STDLHSLFR
6723,CKWNXFPGUI
6724,HQOMI
6725,THUIEIJZH
6726,ET
6727,D
6728,CRKGMDLP
6729,FDMD
6730,ADZQKZ
6731,CITNPLCRH
6732,OL
6733,RUUPGKZUL
6734,OECXX
6735,DGYWIXRWN
6736,DGNJBKTG
6737,RFQKJGEXO
6738,NUVGKJ
6739,BRQ
6740,CFJCSKID
6741,FRML
6742,PSXWOKOF
6743,ATCRNGKV
6744,AOINZMPS
6745,EQW
6746,GMYIRWRO
6747,AJGP
6748,BYNCKVZKX
6749,KPF
6750,HEMDUPL
6751,AZM
6752,MVSQ
6753,BFITSIQZT
6754,EPQYWSNT
6755,IWDIB
6756,NKNWFS
6757,HVM
6758,CJXIVHBD
6759,AMKSVZG
6760,LCGYLN
6761,DOQDNNOIKC
6762,DURFTOPSUJ
6763,AYIHED
6764,DO
6765,EPURBTBLBY
6766,RSDFOJ
6767,GRSIWCVDLR
6768,HXTOTQUJR
6769,HXSQ
6770,A
6771,ETXPUC
6772,KUX
6773,DPKRQJFH
6774,GJXXL
6775,P
6776,CSW
6777,AZMIQCWV
6778,GXREQ
6779,IHLRQEGT
6780,ABZHM
6781,LU
6782,OER
6783,GNFVJSO
6784,ACVURGJ
6785,OZNXK
6786,B
6787,AZHKCWNKXP
6788,BPXYLSKN
6789,EXLFQBH
6790,AVQGE
6791,HQDYE
6792,AIZGGYB
6793,AIBSTVUO
6794,PF
6795,LWSS
6796,KU
6797,PSO
6798,GVTIJ
6799,FN
6800,GIYZKKP
6801,AWBV
6802,CSQO
6803,BCIHJZD
6804,ECIVLGRY
6805,MKDM
6806,BBJN
6807,GIUHO
6808,ACQR
6809,EPXHTIHUFE
6810,AU
6811,LXBJLMCSKY
6812,CHO
6813,EVNYKXNS
6814,BCFWT
6815,ER
6816,CIVBJORU
6817,D
6818,OSUONDU
6819,BXB
6820,E
6821,CLOYZ
6822,QJVNQGRXWW
6823,DX
6824,OSEF
6825,IX
6826,DKCIJYUGGI
6827,CGXJWMMG
6828,BWZOX
6829,QY
6830,LLUTOKTXIN
6831,CNQHZXF
6832,MIDHW
6833,CGWZPSLHG
6834,APVITLCE
6835,KWRR
6836,ANNUIZZ
6837,BTMK
6838,DDRYOY
6839,OLX
6840,DNEWLYC
6841,EPFNMRF
6842,MQL
6843,EVHBJJ
6844,FIOXLBFD
6845,HTCKGQBSIK
6846,UJTLIORZRM
6847,FEP
6848,CTSPVBWNLO
6849,KSKGQGRSY
6850,AKZEZTVPVE
6851,NY
6852,AJCBJRUS
6853,FU
6854,CZJSSER
6855,GZXO
6856,AHJ
6857,CJJWLINZD
6858,GMQNEHJEV
6859,IPJQFJ
6860,B
6861,AQPXHQVJ
6862,AOBVYQWQ
6863,TZDYFCNZJT
6864,U
6865,OF
6866,MOHBIDTC
6867,CPCZ
6868,LWY
6869,UYD
6870,EVO
6871,F
6872,PHHXD
6873,CJ
6874,FEESGEQY
6875,BFKVENB
6876,OJKTOW
6877,D
6878,QMQWGZ
6879,JMBF
6880,ABUTYITE
6881,LXOLWCZ
6882,U
6883,FFRPWISVU
6884,CYCE
6885,BYQ
6886,BXPCXWZJ
6887,NYNJZTUXQ
6888,BCIZTKGDEX
6889,LUH
6890,OGSO
6891,EUGSEHRNXZ
6892,BJTMQFUP
6893,ABGNML
6894,LCHDTDHSG
6895,CGBGDKOE
6896,AIR
6897,BSQZFHWZOB
6898,C
6899,HU
6900,BJPXG
6901,BWRXXCK
6902,HVDEQQYZF
6903,IIY
6904,JXKLUROPIW
6905,CQYIQ
6906,DY
6907,OYPWTP
6908,FCHZEK
6909,CHDVOYSCWF
6910,CIDSJGQ
6911,R
6912,BZGIYTWVU
6913,D
6914,DWZHUBSMM
6915,KBFE
6916,AIPTLOWJFT
6917,LTSCM
6918,FIBZVGYOGX
6919,BHEOJMKZ
6920,TDUHPDG
6921,AROLCVRDH
6922,MOEW
6923,HKFTNTUXJI
6924,DCDDPVT
6925,CRETZ
6926,D
6927,ORNBTQCP
6928,BUFMCWLCLP
6929,JIUWYRK
6930,IGHDM
6931,AJ
6932,BQTSXJKF
6933,LEIE
6934,A
6935,GH
6936,MQNL
6937,AWEFI
6938,HUHEDHC
6939,KDNRN
6940,H
6941,F
6942,AYQXQBQJU
6943,BLYQFFP
6944,BGQDXIB
6945,DECRUMWV
6946,KJUDITF
6947,AWR
6948,AMUHNRKK
6949,APCMFZWPUT
6950,D
6951,DMDQBMGMT
6952,DBMJUSJG
6953,IKUYL
6954,FEHCDEHW
6955,AIKVKOO
6956,JOBIXTK
6957,BHHUSRRKRJ
6958,DPC
6959,DBKROCY
6960,AO
6961,NHHIMI
6962,I
6963,DRFFRIQ
6964,FNW
6965,Q
6966,AIXTLKWTZ
6967,DGETNNJSE
6968,HB
6969,QEPQF
6970,F
6971,ERZHPN
6972,JSDQO
6973,GML
6974,DNQKEQRTR
6975,CXUXQSCY
6976,JMHIPJOY
6977,PUOK
6978,ERUMRNUZUP
6979,BFV
6980,JDSCNBMC
6981,AOFJT
6982,CEIROQ
6983,NJTL
6984,CD
6985,CSRNX
6986,EEDUGDFZO
6987,FSVD
6988,OEMVF
6989,GFBC
6990,QSYQR
6991,LZWNCMGJ
6992,G
6993,GTINPWKQFG
6994,CJMBQYRUXT
6995,MNK
6996,FODCODLO
6997,JUKRK
6998,FFXVDZX
6999,FYOXEEIF
7000,HWDIMP
7001,JKUHW
7002,JVTMTOLD
7003,EV
7004,EGJGWFV
7005,IKTWKVHEL
7006,EPBUMEG
7007,KQI
7008,DX
7009,BWYGBSET
7010,VJJXQX
7011,AEGCJ
7012,J
7013,E
7014,GG
7015,BSEZFZQLBE
7016,DIZPFRULGU
7017,D
7018,XFLBWQO
7019,FVJLVOZQVI
7020,RJQNLBUNRH
7021,BPZH
7022,NCZFMPHXID
7023,OYYESB
7024,RUYQ
7025,AXBGEPH
7026,EIPXQRKHQ
7027,UFP
7028,JO
7029,AVGVGO
7030,GOMHYOFFR
7031,LOIKR
7032,WBVQIP
7033,E
7034,BR
7035,VC
7036,JIPLOZIEVN
7037,JSTLHL
7038,DFPO
7039,DQUQ
7040,OVYMNK
7041,LOGXDIIVIV
7042,EQWKJKOI
7043,JFOOBYZ
7044,EGMCKSYI
7045,ADRXD
7046,CTOLJYGRW
7047,KIKN
7048,APSKSJJ
7049,BLRI
7050,BXITN
7051,SSQ
7052,BNSQ
7053,KCLF
7054,DSGWFNX
7055,SRKGLKVE
7056,AZMYG
7057,KPOW
7058,HSRKF
7059,TJ
7060,GFFSM
7061,BHH
7062,JUWNF
7063,SQGUNY
7064,JBK
7065,SBREX
7066,AUIYKH
7067,BTTQ
7068,DQ
7069,GUEXWPJZFK
7070,EBZ
7071,I
7072,HZOGOL
7073,FEZCUBU
7074,BRYDYZSNT
7075,L
7076,SPRBKWPW
7077,FGE
7078,G
7079,AUTXOBBP
7080,CWLOJCG
7081,B
7082,EOZKMN
7083,DEMIC
7084,LHPJZTSHM
7085,GPSFBWZJVG
7086,QTVJXTIOZL
7087,K
7088,BYLWDUHT
7089,PPR
7090,PEOIOL
7091,BBGRESVN
7092,JTLF
7093,DURIDS
7094,A
7095,KYSHNTOI
7096,AMJYFZXQM
7097,ISXLF
7098,AUEU
7099,OMI
7100,GJDU
7101,AKYE
7102,G
7103,PCP
7104,HENICTHLNL
7105,EHCXSXW
7106,DSQD
7107,E
7108,FFBN
7109,AZM
7110,F
7111,CHTLDZSP
7112,GWBWHOYGBW
7113,CXXNK
7114,CNU
7115,FLNSLFSIU
7116,EFYDRJ
7117,G
7118,BKMGUWM
7119,FLLXYVI
7120,UDXLUDYSXV
7121,HCVKJCRR
7122,CPJQT
7123,QCCKPFXNT
7124,ENPFNI
7125,CGQSPWFKDV
7126,BUHBLFJO
7127,IIMY
7128,DVXHIDDP
7129,E
7130,H
7131,EWENET
7132,ACXGEVIQF
7133,HMOGOEMQBT
7134,FCTJR
7135,L
7136,GJIZDGNBN
7137,CCPHFLGT
7138,IL
7139,CRZXO
7140,DPJR
7141,BVPNSSZP
7142,JSSPC
7143,BTWLE
7144,LLJYFHKERF
7145,BETFS
7146,A
7147,TIMTPQYBND
7148,IQGVVNQ
7149,FNP
7150,E
7151,BIC
7152,GTIKLWFKN
7153,BMHXH
7154,AFNCO
7155,DCYH
7156,DRZKJ
7157,LQLILEQZ
7158,QMVCNCNGZT
7159,BWNNCT
7160,DCM
7161,SHI
7162,HPBSYBTK
7163,AJIXXSUUT
7164,JDTGBQHPYG
7165,B
7166,D
7167,BKI
7168,A
7169,BETK
7170,TXZOGPJ
7171,DMCCZTKFK
7172,CZFFYEQTM
7173,CTQSJ
7174,FUJHFHV
7175,ABD
7176,BGSJ
7177,GQIBDCB
7178,HXVPUIXPRO
7179,WZI
7180,NEXGQCKERG
7181,BQGGXY
7182,OUIQ
7183,C
7184,ACPFNQSFC
7185,GCIGFO
7186,ALM
7187,CMNHII
7188,APVDGCM
7189,CWPFB
7190,OWUMXFV
7191,TIGTJH
7192,FNKM
7193,DGESI
7194,PW
7195,NR
7196,CVP
7197,LOPEUYVSPI
7198,BF
7199,BDK
7200,AG
7201,HXOBHRS
7202,XEZQGB
7203,RUROZNDRFH
7204,RLQNBYHU
7205,HFIESWH
7206,GJTDV
7207,IGXU
7208,CXR
7209,RDURM
7210,POCCMQMOQ
7211,EHOE
7212,LESMI
7213,AYTHT
7214,BMWIEHKUNI
7215,G
7216,BBSXWO
7217,B
7218,QFGPPBZD
7219,I
7220,CIPUFUUMGB
7221,FRBSO
7222,CXHHG
7223,IEDYFOIKI
7224,UBVKTDP
7225,S
7226,DT
7227,OTKHDG
7228,A
7229,CPWRUXHPQG
7230,FVDXFBPZYO
7231,HSLRWX
7232,MKYTZ
7233,GCCYZDCYB
7234,PTWQ
7235,AUEWHWVGV
7236,ENDNU
7237,GZCJC
7238,DVO
7239,PFSYSB
7240,ACTTCYHS
7241,BKSJDFU
7242,DEVWJOS
7243,IXVBWEVRE
7244,ASPNQGOFO
7245,EUIEEORO
7246,JSYWS
7247,BM
7248,AQEWGULCT
7249,EK
7250,BKNMPZ
7251,AQHCRXMZ
7252,IL
7253,UZF
7254,KCXVTULZXO
7255,AE
7256,GEE
7257,IVFGEQCL
7258,NQSP
7259,KBGETXFVEK
7260,O
7261,DHBJNC
7262,FOV
7263,EY
7264,NWYSISOK
7265,DRTYKUVX
7266,PVSHZOPETO
7267,AIQWQPSUPZ
7268,BESIF
7269,ECBB
7270,A
7271,LYX
7272,DUE
7273,MI
7274,UNM
7275,AODGB
7276,DMNQIGWJM
7277,ARFYRD
7278,NYM
7279,CGB
7280,GFRE
7281,ECMNIUD
7282,IHBRNKXYOE
7283,ILPKF
7284,DSUWQKOIO
7285,AKJX
7286,BXVJL
7287,GIOLZUX
7288,RJRDIX
7289,VDLLBWW
7290,A
7291,GO
7292,C
7293,CM
7294,KGERC
7295,MUQKQT
7296,GCC
7297,RSJD
7298,GDM
7299,GEP
7300,ACNJU
7301,IGUHHRPGH
7302,ED
7303,AXCPTTSLGB
7304,HDGXVIWE
7305,ICI
7306,IF
7307,NGQOD
7308,AYHC
7309,CJENTMVJ
7310,BQ
7311,APLNGSCN
7312,RWDZPJL
7313,LNYN
7314,ILXSPXU
7315,H
7316,JNY
7317,C
7318,IVIU
7319,UIVK
7320,CG
7321,IFZKXWYEVP
7322,M
7323,FWR
7324,CWEJFK
7325,HCC
7326,ANILOUG
7327,DJHQ
7328,ASU
7329,T
7330,AVBGG
7331,INWU
7332,SNT
7333,AQ
7334,MMJH
7335,JV
7336,MIUYB
7337,HMEQ
7338,EMEJY
7339,F
7340,AQLMOUHJIX
7341,I
7342,COPYMKKCP
7343,BBRMKCI
7344,LWOHWSX
7345,HKRML
7346,BI
7347,BCLZY
7348,EXQT
7349,EEVEJLPG
7350,EMNLSHZ
7351,HLRCVKLRW
7352,BNFTQSLX
7353,AT
7354,LBDU
7355,DJEJBYKS
7356,PUJPQZERKM
7357,D
7358,WHGZQZW
7359,QPOGVC
7360,AK
7361,CNTF
7362,KPXBL
7363,BTG
7364,TPZO
7365,FHGZG
7366,GXU
7367,LBJK
7368,DJSZHMT
7369,CY
7370,EWEGETUICS
7371,ALREC
7372,FUPWRE
7373,BHOVRIVDTW
7374,AWOHDH
7375,GGS
7376,LDHN
7377,HVSSUSHJNE
7378,VEWWDMWHUM
7379,FUFGZRU
7380,BZZBZVWVFX
7381,KRSBQUH
7382,AUWYZFXJDP
7383,PLN
7384,BZ
7385,DCNMLHNJN
7386,OH
7387,EHL
7388,BVRPDS
7389,EMKXCDC
7390,FVBCDUZ
7391,NPYIG
7392,GD
7393,ENMWJJFQ
7394,GCJNSTV
7395,IXZD
7396,GTVHJGU
7397,BYKQSUZ
7398,BBGQGUNDV
7399,EVMLZZMFH
7400,AHXU
7401,C
7402,BDMZUU
7403,BWMONENW
7404,B
7405,CWJSRWTPBX
7406,F
7407,NHYLZLGW
7408,CM
7409,AMZF
7410,FOGW
7411,EUUEUZDSUI
7412,ADUSI
7413,LQW
7414,E
7415,OUCJDHPSS
7416,AKWPXDUYKJ
7417,GZUEBOKF
7418,CKXEJQI
7419,GQPGIJUR
7420,GLVYM
7421,GXNCBPUCYZ
7422,ITXBMEF
7423,GIS
7424,PIPHQ
7425,JBEYVTC
7426,NEQ
7427,DGSURUUG
7428,CS
7429,PM
7430,ILUGINWCET
7431,PLJ
7432,BYEKDR
7433,D
7434,ARBE
7435,C
7436,H
7437,HYNC
7438,AO
7439,JGGLCSPFK
7440,IVIXLN
7441,HJR
7442,GWDM
7443,FZNDYCTCSO
7444,B
7445,KBBRFRLBC
7446,CVPLMFPN
7447,F
7448,FZRR
7449,NYUSMMQTO
7450,EDMM
7451,FJHINFRXOZ
7452,HDEKBEMV
7453,MTTWS
7454,GEORBLSYD
7455,ACX
7456,GG
7457,AMDG
7458,HCOYFNH
7459,E
7460,EVFKSBWI
7461,OKT
7462,A
7463,ED
7464,BJTYJW
7465,JKGUV
7466,EDURHNGQUE
7467,UQPZUNZPG
7468,BMMBLZD
7469,CEC
7470,PFK
7471,EHMMUCRX
7472,ETJZ
7473,FHGQ
7474,KMNDFWW
7475,E
7476,BNBY
7477,CHUEXXKP
7478,LJ
7479,JSK
7480,DUMXX
7481,GRZ
7482,BLLYWVZ
7483,KLBE
7484,GOGXIVCLJB
7485,XWXHRUIVEC
7486,ANOSWMQRRQ
7487,SBGQGFYT
7488,A
7489,FEZQXD
7490,CILULJY
7491,EQXTODCHVP
7492,IJHRYCTSBP
7493,KBLFNV
7494,RBDJHBOTXF
7495,BOURWCSZI
7496,LCQZBB
7497,D
7498,GZJTOMZ
7499,DIEYVRDH
7500,OVWOKMJS
7501,CEJZDHPL
7502,FHICJYJDF
7503,GVGBD
7504,AE
7505,NDHXIGULW
7506,OONS
7507,ADCNHGGYRG
7508,C
7509,AWYBKDFKT
7510,TQPFO
7511,CGUWRPMI
7512,FPZZX
7513,JV
7514,JVLKWH
7515,HBBSXJRI
7516,LOY
7517,OT
7518,BMVPYN
7519,AEOLNC
7520,INCK
7521,EVECDQUCM
7522,AKKZEY
7523,CLZWRKIY
7524,EHSYC
7525,VFZQ
7526,F
7527,EJWERZQR
7528,MZEQNXVQNB
7529,EYHIXBYSSR
7530,OJCMOFW
7531,DFUH
7532,AORMKNWU
7533,UHPE
7534,CMWHHHHK
7535,C
7536,IPKVNJTZW
7537,BTKHMLD
7538,EM
7539,DDUKDLTEHM
7540,MVRGLJOZIR
7541,MJ
7542,KNEUL
7543,RPGEIHJN
7544,CKUIJM
7545,FJSJDW
7546,KVBHJIXEM
7547,NMPVKKQ
7548,WGPE
7549,GFMBQX
7550,LPUPDZK
7551,EJT
7552,PRKPOJNB
7553,ACMIRTOZ
7554,ALLX
7555,KXQGJXEKN
7556,BZJGHMOVJ
7557,AVENMXVWI
7558,SICQEXDZ
7559,ISYTJYDMD
7560,KXFKTBSL
7561,FORTKM
7562,MSQUSBZM
7563,TRIVFHLJYQ
7564,AOONMW
7565,MBMHWN
7566,IIUMZTKVQO
7567,FPKRVQWQ
7568,HTTVPOZ
7569,JD
7570,MJZT
7571,XE
7572,NLHBFFH
7573,EENFBQG
7574,DTEZ
7575,AKDCSCV
7576,HPHRUTESY
7577,A
7578,N
7579,E
7580,CIU
7581,APCSV
7582,EHKYM
7583,KZF
7584,G
7585,RJMFJOS
7586,DQHITVSC
7587,GCTQJQVC
7588,BIURDW
7589,AFRFSEGW
7590,RHHNIDCGX
7591,MBWGCWZFS
7592,DZKWULXMI
7593,QLOKK
7594,FWRGIHU
7595,OQWZL
7596,QIPBM
7597,JVZLSNN
7598,GNMGSPG
7599,HUNJV
7600,BDWXBM
7601,QXMNY
7602,FGZEWJUQ
7603,CESSRF
7604,HKZ
7605,JTV
7606,CMXKVO
7607,OQMLFPSQ
7608,LHUFXCMWQS
7609,GRPBIPFXK
7610,PO
7611,ACTP
7612,C
7613,BJGNCZWP
7614,DJ
7615,HNGSNKY
7616,D
7617,BZMJODKUZC
7618,HIDLWTJYR
7619,P
7620,SEZR
7621,BV
7622,JYNWQB
7623,BFJVZM
7624,AWIR
7625,ABBPVTRWQ
7626,EBRSVYG
7627,DGRZFYIWT
7628,QMPVHM
7629,BWVR
7630,F
7631,JSTDOCEWKD
7632,DWHGZJ
7633,K
7634,FVP
7635,HSSB
7636,ARD
7637,EQMJR
7638,QJNOKBZFBM
7639,BLWYPP
7640,EOU
7641,HU
7642,ASRGWCR
7643,SPNQHJ
7644,OZYSBRL
7645,TQ
7646,AOJC
7647,LHBL
7648,MNWHYREOR
7649,B
7650,KTXESQK
7651,LNBOIQYEJ
7652,OOGOJONX
7653,BNBHUG
7654,EKMRKEIH
7655,BX
7656,NGENMJBVOI
7657,DV
7658,CYCX
7659,VNXOTCICUF
7660,G
7661,EOY
7662,TOIHTW
7663,IIY
7664,AIITJZOG
7665,LX
7666,CDMB
7667,ALIMP
7668,BQC
7669,EVGNKYBC
7670,AYBRODSRRN
7671,AIYQJHI
7672,D
7673,JOPEPVEFZH
7674,ARBVODU
7675,EKFGGGJKC
7676,HUKIE
7677,N
7678,OGVYZ
7679,IPOHJK
7680,D
7681,BKFJNDJGGQ
7682,F
7683,A
7684,ATPDNSSZMN
7685,B
7686,GCUZZ
7687,BSQXFVUUC
7688,LHHQQ
7689,HONKKZTS
7690,ARXI
7691,KEIC
7692,BHNTYINTWS
7693,AMHDBVV
7694,TEJEDZC
7695,FBNQOQFJYG
7696,BNBTZXWHFC
7697,TKPGRG
7698,NLMUEOPBPJ
7699,LQLOIF
7700,DPBJLLFSNV
7701,AJMHRT
7702,BUOX
7703,C
7704,FWGH
7705,KEC
7706,CNJWRUO
7707,UMMHPTJ
7708,BX
7709,O
7710,AEXG
7711,ADVGPJQ
7712,C
7713,MOJBOJJ
7714,AOYTSEW
7715,JIQD
7716,GVXDWGTKGO
7717,AR
7718,ALFLOOFES
7719,ROKKSZF
7720,CZUOW
7721,CFKNL
7722,FJXFK
7723,PMCSYIMKG
7724,AUYIXNRFD
7725,UHCOYRFP
7726,GWFLWKCX
7727,BELMC
7728,AOEIQYNSEO
7729,FIBDR
7730,HZPIMMVNPF
7731,MH
7732,D
7733,VGMW
7734,CDCDVIJY
7735,KEFWTZMYP
7736,ISNL
7737,DLVOXCV
7738,FJVFPSJL
7739,AB
7740,C
7741,AQLM
7742,STMJYCU
7743,O
7744,AKOGSQTX
7745,ILQCCGQE
7746,EGC
7747,AHM
7748,HSWCGEVLF
7749,GMDS
7750,DMGKNEO
7751,UUOL
7752,FJRR
7753,DVPFSWTERQ
7754,JW
7755,G
7756,MIHCBCRRW
7757,ITKFVXZTD
7758,VNKID
7759,JPFPSB
7760,AXOXK
7761,DUWYYDOKS
7762,A
7763,QDGIH
7764,DBUIY
7765,FK
7766,GLBLCBMN
7767,GKHO
7768,NF
7769,REMDVDYSI
7770,BVKXSTSH
7771,ETDWYF
7772,JRXVYLTSD
7773,ASISTGBP
7774,DRHFEWBE
7775,SYPZBPL
7776,FVOL
7777,LNIFM
7778,GRMTVU
7779,FYVTJS
7780,FRDD
7781,BZKO
7782,IRRI
7783,CGNJYZMUB
7784,BLKKNMULH
7785,AZPSU
7786,SMIKWDLLYJ
7787,C
7788,CWFNHNHZ
7789,GM
7790,AF
7791,BUQHVVFVY
7792,ABSIHUF
7793,KX
7794,HIIQBZEWP
7795,DLSTSBO
7796,EXOQSQHUT
7797,KDSLMK
7798,FOUDY
7799,BROIXBJN
7800,HNTHPM
7801,BDDVFTW
7802,ECTI
7803,C
7804,HPXJER
7805,AY
7806,IESBCP
7807,AUXKLMKJ
7808,KDUBMBTSM
7809,BHYYHD
7810,BUUNCUJTW
7811,DGW
7812,JDDQNQQBBK
7813,TJUHFDPNF
7814,ASINQX
7815,BT
7816,BRMIWDF
7817,QKRLLYE
7818,CGR
7819,ASIBJJ
7820,DKBUBVDPMH
7821,BRXBRLPEKS
7822,GRX
7823,AUXBJLEBPI
7824,CYHVD
7825,RBHBEXUX
7826,B
7827,AZKGT
7828,AGMOF
7829,G
7830,FFW
7831,G
7832,OCYWZMVPPQ
7833,IEORCYTEYF
7834,AV
7835,BLWGRBNPYE
7836,AXPMHSUHW
7837,KOW
7838,EDVXWZQNBB
7839,DQ
7840,JQHYHUZCDW
7841,AHLWMUTCD
7842,LHDTHIQF
7843,BWIS
7844,DEOO
7845,BDPG
7846,IRLSPDBOBS
7847,FXO
7848,DBG
7849,MK
7850,E
7851,EQKB
7852,LEZC
7853,AN
7854,KUTWS
7855,B
7856,BZQ
7857,EXHZ
7858,QEQPTLBWHM
7859,BXIXKUFIM
7860,CKHQBQRDS
7861,GQQFN
7862,GMLRS
7863,GK
7864,TJB
7865,PX
7866,BCSDHT
7867,GSE
7868,EUC
7869,HGJN
7870,AW
7871,ISKEORLZK
7872,BFZ
7873,ABUSFB
7874,NUWOCGDT
7875,CIHK
7876,FOOLUF
7877,AOLOZC
7878,KIKOUN
7879,D
7880,A
7881,DZBRWFXNG
7882,JZJZZHCRW
7883,DJPFEQN
7884,BHO
7885,A
7886,EUTLLXWSLH
7887,ETJG
7888,BJXKD
7889,HEMKUEGPX
7890,QBJM
7891,HQMELMHI
7892,BRZUWY
7893,PYQZDZOUIE
7894,ROUPCVVU
7895,FRSCERTJH
7896,BCPYRPP
7897,LHFZ
7898,BDEWLFEHLP
7899,BHVJL
7900,LWJQCSBJQG
7901,KFREGUCM
7902,D
7903,AXHJJQCOTO
7904,BUSVSPUC
7905,HKBKR
7906,EDJCKCOKZU
7907,Q
7908,UN
7909,DCHKUNETF
7910,JBUOJZ
7911,AKZTBE
7912,UNWQJFU
7913,BPPCCJOU
7914,DCIYUDFJX
7915,AXYQX
7916,LTIH
7917,IXPHIQNL
7918,MIIUYXXU
7919,DDDSCHTXC
7920,DXYVFWKUJ
7921,B
7922,INOYPH
7923,A
7924,AOQPWJZ
7925,JNGFI
7926,CRZCXTILF
7927,JTJVIG
7928,FD
7929,IROUTX
7930,AVXOSUJMS
7931,AUZ
7932,QWSBBER
7933,LRQNTN
7934,BHFDNNHMC
7935,AYPLGUURVN
7936,AG
7937,B
7938,AEFBZ
7939,FTGVLQFKGJ
7940,EUMCWGKBQ
7941,BURKTTTJQS
7942,SMPWP
7943,LCFM
7944,FYF
7945,ADHIVLJIVH
7946,HO
7947,ENDVZHDNWD
7948,DNZ
7949,BNPIRGEETX
7950,E
7951,GREHFJBHV
7952,B
7953,B
7954,EUSETEOH
7955,GVJK
7956,CKYVCNHPX
7957,D
7958,GRBBPHWC
7959,CCHTHSWW
7960,GSV
7961,TPR
7962,BDJTE
7963,AVJ
7964,CQM
7965,JFXGDDCK
7966,MVJDQVX
7967,HVEYPHLKV
7968,DRSSWQX
7969,ADHKZV
7970,DLGSULFQMS
7971,LPHDWIRL
7972,BSSLROCDFR
7973,JOW
7974,P
7975,KVGBEG
7976,FUYBW
7977,EB
7978,MWPIYWVXR
7979,EQMM
7980,A
7981,GKRM
7982,D
7983,EPYOJN
7984,DUPYOQ
7985,CFTENZSO
7986,GSKTX
7987,DD
7988,JPIGGFK
7989,A
7990,CQ
7991,BIHH
7992,LRVBCV
7993,AEUVLKOFVF
7994,BK
7995,OGXPVHGDN
7996,EIXSKX
7997,FOQIBWN
7998,FGFELKG
7999,KTDWSIQGH
8000,HZU
