id,word
1,saving
2,waste
3,owe
4,assess
5,big
6,widely
7,expert
8,degree
9,active
10,shirt
11,deal
12,secretary
13,clear
14,eventually
15,trial
16,idea
17,seem
18,tail
19,tall
20,couple
21,kiss
22,council
23,distribute
24,charge
25,AfricanAmerican
26,organic
27,weight
28,stick
29,into
30,weekend
31,feeling
32,believe
33,pretend
34,choice
35,clue
36,city
37,estate
38,deficit
39,nation
40,rank
41,frequent
42,pile
43,whatever
44,replace
45,evolution
46,leg
47,chocolate
48,convention
49,reasonable
50,plant
51,heavily
52,despite
53,her
54,belief
55,gentleman
56,sure
57,sell
58,first
59,workshop
60,right
61,fairly
62,summit
63,mystery
64,conviction
65,regional
66,beautiful
67,please
68,Jewish
69,loud
70,four
71,medium
72,developing
73,contemporary
74,concerned
75,whom
76,class
77,buck
78,sleep
79,net
80,respondent
81,however
82,remove
83,whose
84,debt
85,screen
86,representative
87,arise
88,man
89,conviction
90,comfortable
91,player
92,twice
93,politics
94,at
95,complicated
96,Congress
97,observation
98,chip
99,ghost
100,manage
101,stop
102,assure
103,memory
104,speech
105,powerful
106,past
107,Christmas
108,English
109,wash
110,each
111,mere
112,system
113,hole
114,participate
115,legal
116,portion
117,barrel
118,nine
119,absolute
120,musical
121,infant
122,half
123,province
124,muscle
125,genetic
126,scream
127,son
128,male
129,east
130,song
131,clock
132,dealer
133,council
134,indeed
135,cooking
136,mixture
137,source
138,boot
139,perceive
140,western
141,define
142,dog
143,aircraft
144,stranger
145,remain
146,better
147,scope
148,design
149,air
150,gear
151,especially
152,extensive
153,national
154,strategy
155,county
156,row
157,drink
158,United
159,fill
160,grab
161,phase
162,ugly
163,tobacco
164,helicopter
165,tight
166,suicide
167,mad
168,Bible
169,serve
170,mention
171,conversation
172,stop
173,register
174,furthermore
175,firm
176,trend
177,TV
178,produce
179,develop
180,asleep
181,personality
182,until
183,article
184,others
185,propose
186,welfare
187,job
188,steel
189,member
190,tremendous
191,against
192,absorb
193,leaf
194,seem
195,president
196,before
197,considerable
198,waste
199,chicken
200,small
201,degree
202,need
203,root
204,hair
205,lifestyle
206,strange
207,bond
208,write
209,agreement
210,edition
211,weak
212,dialogue
213,consist
214,status
215,fifth
216,even
217,owner
218,depending
219,really
220,United
221,company
222,convince
223,shell
224,error
225,gold
226,install
227,electric
228,son
229,expensive
230,negotiation
231,tax
232,many
233,asset
234,democracy
235,episode
236,dust
237,crack
238,lady
239,mix
240,besides
241,average
242,guilty
243,fence
244,boot
245,enjoy
246,blanket
247,lack
248,category
249,very
250,jacket
251,affair
252,ship
253,cool
254,board
255,nut
256,style
257,little
258,violate
259,true
260,serious
261,father
262,path
263,album
264,cop
265,wealth
266,analysis
267,fantasy
268,history
269,intellectual
270,property
271,thank
272,spokesman
273,demonstrate
274,weak
275,bake
276,corner
277,publish
278,me
279,gun
280,shine
281,occur
282,unlikely
283,senator
284,another
285,here
286,practice
287,wealth
288,metal
289,Jewish
290,foot
291,but
292,guy
293,threaten
294,religion
295,nerve
296,eye
297,galaxy
298,requirement
299,explanation
300,fault
301,wait
302,Mrs
303,anywhere
304,possible
305,usual
306,activity
307,elsewhere
308,collect
309,your
310,treatment
311,instructor
312,mark
313,block
314,belief
315,widely
316,advantage
317,badly
318,determine
319,wooden
320,via
321,vs
322,hero
323,information
324,card
325,deeply
326,bet
327,alliance
328,ready
329,cabin
330,investor
331,twelve
332,definition
333,territory
334,finger
335,insist
336,ignore
337,accompany
338,quote
339,lifestyle
340,giant
341,pretty
342,derive
343,forest
344,cold
345,increased
346,sudden
347,beginning
348,hardly
349,math
350,taxpayer
351,guarantee
352,jail
353,person
354,sand
355,chest
356,near
357,comedy
358,summer
359,clinic
360,food
361,wish
362,idea
363,potentially
364,scheme
365,local
366,volunteer
367,convention
368,express
369,primarily
370,incorporate
371,kill
372,slow
373,core
374,reading
375,reading
376,hole
377,classic
378,position
379,she
380,however
381,information
382,mechanism
383,testify
384,commission
385,observe
386,flight
387,look
388,of
389,hall
390,whenever
391,toy
392,ban
393,consequence
394,campaign
395,sky
396,budget
397,courage
398,million
399,initiative
400,responsible
401,current
402,south
403,gold
404,comparison
405,others
406,fate
407,agent
408,capacity
409,rating
410,determine
411,wife
412,moreover
413,minority
414,match
415,famous
416,nurse
417,journalist
418,versus
419,cause
420,symbol
421,employee
422,capture
423,lean
424,sir
425,rope
426,plant
427,computer
428,destroy
429,coalition
430,hello
431,relate
432,collapse
433,winter
434,ok
435,activity
436,criticism
437,dare
438,musical
439,lung
440,basketball
441,simply
442,specific
443,affect
444,shake
445,want
446,willing
447,everyday
448,chair
449,crime
450,shit
451,client
452,reflection
453,age
454,swim
455,assistant
456,most
457,facility
458,fifty
459,alternative
460,explain
461,success
462,like
463,husband
464,end
465,build
466,complaint
467,stability
468,reason
469,student
470,length
471,corporation
472,tend
473,touch
474,table
475,clue
476,cheap
477,secretary
478,resistance
479,musician
480,item
481,subsequent
482,evaluate
483,fifty
484,elderly
485,card
486,intensity
487,tent
488,mode
489,argue
490,judge
491,corporate
492,restore
493,recent
494,arm
495,supporter
496,feed
497,mere
498,behavior
499,instructor
500,release
501,our
502,sanction
503,sell
504,collective
505,attend
506,race
507,boy
508,love
509,propose
510,square
511,also
512,write
513,street
514,session
515,core
516,whisper
517,interpret
518,college
519,strategy
520,real
521,soil
522,reading
523,totally
524,male
525,milk
526,Indian
527,shirt
528,public
529,football
530,marry
531,north
532,allow
533,skin
534,slip
535,urban
536,industry
537,environmental
538,switch
539,identify
540,enable
541,summer
542,belt
543,subject
544,album
545,bad
546,debate
547,beer
548,nervous
549,familiar
550,full
551,charity
552,Bible
553,beauty
554,reader
555,stir
556,sample
557,string
558,everywhere
559,standard
560,fourth
561,trial
562,script
563,whether
564,while
565,confidence
566,sweep
567,dance
568,quick
569,flow
570,shade
571,by
572,motivation
573,creative
574,labor
575,adventure
576,vision
577,derive
578,adult
579,cast
580,shelf
581,estimate
582,address
583,beer
584,park
585,note
586,power
587,train
588,adapt
589,ratio
590,practical
591,lunch
592,online
593,sophisticated
594,mostly
595,pass
596,whether
597,bite
598,page
599,dealer
600,document
601,talent
602,solid
603,store
604,world
605,present
606,want
607,study
608,my
609,miracle
610,intervention
611,warning
612,stability
613,deep
614,beneath
615,fifty
616,excellent
617,conversation
618,cycle
619,these
620,switch
621,tooth
622,variable
623,specifically
624,garden
625,celebrate
626,oppose
627,gray
628,restriction
629,dinner
630,broad
631,heart
632,flower
633,hurt
634,shoot
635,soil
636,predict
637,any
638,breathe
639,Mexican
640,otherwise
641,current
642,declare
643,warm
644,tie
645,vast
646,virus
647,advocate
648,teen
649,allow
650,explore
651,growth
652,dig
653,tournament
654,unlikely
655,conference
656,immediate
657,complete
658,intervention
659,instruction
660,spin
661,after
662,huge
663,pale
664,angry
665,anticipate
666,unfortunately
667,regularly
668,grant
669,crew
670,oil
671,hundred
672,swear
673,commit
674,television
675,device
676,argue
677,quick
678,elite
679,guide
680,corner
681,media
682,destruction
683,alliance
684,painter
685,lie
686,poor
687,personally
688,aircraft
689,six
690,poet
691,engineering
692,trial
693,whole
694,meeting
695,difference
696,no
697,perceive
698,pant
699,send
700,gentleman
701,off
702,rail
703,upper
704,severe
705,pregnancy
706,ultimate
707,bag
708,dramatically
709,defensive
710,state
711,how
712,stake
713,largely
714,legacy
715,industry
716,way
717,technique
718,license
719,similar
720,straight
721,camp
722,peace
723,tree
724,imply
725,appointment
726,testing
727,holiday
728,image
729,fine
730,sector
731,episode
732,throw
733,love
734,fight
735,equipment
736,sorry
737,danger
738,family
739,blame
740,why
741,open
742,quality
743,small
744,downtown
745,reservation
746,green
747,manager
748,dismiss
749,oh
750,distinction
751,mental
752,joint
753,jail
754,safety
755,viewer
756,thinking
757,subject
758,legacy
759,confusion
760,where
761,pressure
762,qualify
763,stair
764,style
765,hair
766,kick
767,incentive
768,security
769,want
770,concrete
771,regulate
772,latter
773,crucial
774,clothes
775,else
776,Arab
777,fabric
778,producer
779,football
780,heavy
781,possibly
782,clothes
783,flight
784,question
785,solve
786,publish
787,good
788,ease
789,student
790,normally
791,discourse
792,junior
793,regulate
794,dealer
795,solar
796,represent
797,virtue
798,firm
799,freedom
800,weak
801,rule
802,wild
803,crime
804,agency
805,warning
806,prompt
807,passage
808,garlic
809,when
810,again
811,definition
812,understand
813,shadow
814,tablespoon
815,damage
816,gang
817,mayor
818,resolve
819,select
820,define
821,accompany
822,garlic
823,belt
824,cell
825,presence
826,publish
827,protest
828,soon
829,preparation
830,decade
831,this
832,expensive
833,guilty
834,behavior
835,quarter
836,composition
837,ocean
838,heat
839,simply
840,will
841,everything
842,shock
843,individual
844,influence
845,side
846,crime
847,observe
848,province
849,plenty
850,criticism
851,culture
852,creative
853,remote
854,cat
855,justify
856,system
857,component
858,college
859,bedroom
860,supporter
861,terrible
862,industry
863,notice
864,oh
865,depend
866,tree
867,name
868,label
869,educator
870,argument
871,frequent
872,twin
873,slip
874,act
875,definition
876,species
877,medium
878,man
879,dominant
880,soldier
881,process
882,end
883,tie
884,container
885,dry
886,taxpayer
887,draft
888,root
889,knock
890,store
891,panel
892,wheel
893,not
894,recommend
895,give
896,tree
897,rise
898,honest
899,her
900,genetic
901,photo
902,tax
903,discourse
904,button
905,what
906,scope
907,borrow
908,artistic
909,evolution
910,constant
911,her
912,photographer
913,nut
914,cream
915,billion
916,largely
917,my
918,Spanish
919,computer
920,joy
921,cash
922,bean
923,generation
924,five
925,towards
926,odd
927,glove
928,teenager
929,custom
930,eight
931,Arab
932,learn
933,kid
934,captain
935,regulate
936,point
937,hold
938,glove
939,analysis
940,race
941,analyst
942,script
943,Chinese
944,furniture
945,latter
946,pale
947,science
948,marriage
949,carry
950,mystery
951,typical
952,obviously
953,offense
954,common
955,argue
956,stay
957,Mr
958,never
959,for
960,fun
961,estimate
962,manager
963,truly
964,happy
965,angle
966,chase
967,function
968,political
969,mouth
970,include
971,permission
972,jump
973,enforcement
974,site
975,shortly
976,lifestyle
977,law
978,despite
979,package
980,best
981,wealth
982,finance
983,activity
984,family
985,child
986,ideal
987,mood
988,anywhere
989,demonstration
990,specifically
991,meet
992,total
993,virtue
994,load
995,probably
996,shirt
997,grain
998,responsible
999,month
1000,chocolate
1001,argue
1002,top
1003,onto
1004,press
1005,chairman
1006,variable
1007,cost
1008,address
1009,walk
1010,educator
1011,preserve
1012,also
1013,ski
1014,smooth
1015,wedding
1016,weak
1017,restriction
1018,normal
1019,notion
1020,affair
1021,essay
1022,shelter
1023,station
1024,concentration
1025,seed
1026,defensive
1027,big
1028,comment
1029,professional
1030,preserve
1031,pitch
1032,clock
1033,corporate
1034,print
1035,ah
1036,universal
1037,agency
1038,variation
1039,pet
1040,expert
1041,surgery
1042,describe
1043,surface
1044,eastern
1045,visible
1046,deep
1047,basic
1048,production
1049,justify
1050,stroke
1051,life
1052,odd
1053,you
1054,quote
1055,economy
1056,hire
1057,selection
1058,stuff
1059,airline
1060,representation
1061,trail
1062,normally
1063,empty
1064,win
1065,closer
1066,innocent
1067,beside
1068,put
1069,weak
1070,version
1071,ability
1072,impact
1073,quickly
1074,broken
1075,enjoy
1076,show
1077,invasion
1078,somewhere
1079,no
1080,marry
1081,establish
1082,track
1083,conclusion
1084,relevant
1085,storage
1086,always
1087,date
1088,difference
1089,any
1090,handful
1091,eastern
1092,love
1093,fight
1094,computer
1095,defeat
1096,alone
1097,tonight
1098,less
1099,unlikely
1100,apart
1101,junior
1102,significance
1103,metal
1104,safety
1105,lose
1106,ill
1107,revolution
1108,herself
1109,pour
1110,ban
1111,sometimes
1112,working
1113,cycle
1114,color
1115,movie
1116,will
1117,pair
1118,pursue
1119,British
1120,determine
1121,advise
1122,distribute
1123,gentleman
1124,display
1125,direction
1126,drawing
1127,infant
1128,stand
1129,compose
1130,damage
1131,strengthen
1132,shop
1133,gene
1134,favorite
1135,limited
1136,recognition
1137,bus
1138,advocate
1139,fire
1140,photograph
1141,importance
1142,debt
1143,know
1144,welcome
1145,fair
1146,user
1147,boom
1148,everyone
1149,throw
1150,invest
1151,combine
1152,submit
1153,mount
1154,gifted
1155,access
1156,possibly
1157,defend
1158,transfer
1159,whenever
1160,whether
1161,initially
1162,phenomenon
1163,controversy
1164,ensure
1165,deeply
1166,include
1167,education
1168,analysis
1169,vehicle
1170,skin
1171,shower
1172,democracy
1173,directly
1174,invest
1175,produce
1176,addition
1177,tremendous
1178,outcome
1179,surface
1180,traditional
1181,historic
1182,cope
1183,strongly
1184,disagree
1185,joke
1186,touch
1187,song
1188,this
1189,Bible
1190,rank
1191,artist
1192,scope
1193,afford
1194,expectation
1195,do
1196,lung
1197,depend
1198,describe
1199,division
1200,works
1201,media
1202,share
1203,bathroom
1204,yell
1205,yet
1206,program
1207,consistent
1208,consideration
1209,stability
1210,potato
1211,inflation
1212,symptom
1213,card
1214,game
1215,review
1216,base
1217,adjust
1218,media
1219,yours
1220,slow
1221,water
1222,shit
1223,alone
1224,discuss
1225,lifestyle
1226,etc
1227,incentive
1228,conclude
1229,household
1230,painting
1231,primarily
1232,hey
1233,though
1234,earnings
1235,since
1236,write
1237,struggle
1238,vulnerable
1239,romantic
1240,athletic
1241,four
1242,guess
1243,gene
1244,resolve
1245,budget
1246,lawsuit
1247,flesh
1248,skill
1249,screen
1250,legal
1251,however
1252,hill
1253,serve
1254,about
1255,gap
1256,porch
1257,develop
1258,quickly
1259,standard
1260,alive
1261,than
1262,may
1263,democracy
1264,conclusion
1265,finish
1266,pursue
1267,suspect
1268,active
1269,ingredient
1270,subject
1271,rapid
1272,lake
1273,Indian
1274,requirement
1275,notice
1276,shot
1277,incident
1278,essentially
1279,amazing
1280,founder
1281,asleep
1282,tale
1283,engage
1284,neighborhood
1285,particular
1286,clear
1287,edition
1288,partly
1289,who
1290,standard
1291,headquarters
1292,tale
1293,existing
1294,start
1295,speed
1296,error
1297,teacher
1298,so
1299,peace
1300,cover
1301,village
1302,forget
1303,speak
1304,friendly
1305,material
1306,raw
1307,watch
1308,meaning
1309,soup
1310,training
1311,differ
1312,stair
1313,letter
1314,uniform
1315,protein
1316,cycle
1317,nation
1318,consumption
1319,stand
1320,intervention
1321,information
1322,route
1323,member
1324,basic
1325,iron
1326,allow
1327,familiar
1328,program
1329,analysis
1330,emergency
1331,valuable
1332,nine
1333,another
1334,regard
1335,symbol
1336,date
1337,cake
1338,purchase
1339,natural
1340,apple
1341,guard
1342,composition
1343,glass
1344,personality
1345,corner
1346,cheap
1347,exceed
1348,entry
1349,goal
1350,expect
1351,limit
1352,interesting
1353,instrument
1354,crash
1355,help
1356,rare
1357,profession
1358,furniture
1359,growing
1360,space
1361,deserve
1362,pretty
1363,possible
1364,curious
1365,extensive
1366,parent
1367,undergo
1368,nothing
1369,tend
1370,division
1371,intense
1372,form
1373,opportunity
1374,earn
1375,voter
1376,lunch
1377,difficulty
1378,medicine
1379,mother
1380,nose
1381,lucky
1382,improvement
1383,training
1384,limitation
1385,public
1386,capture
1387,snow
1388,virus
1389,bomb
1390,beyond
1391,proportion
1392,luck
1393,incentive
1394,somebody
1395,invest
1396,branch
1397,install
1398,operator
1399,between
1400,historical
1401,competitor
1402,earn
1403,install
1404,release
1405,journey
1406,grant
1407,disagree
1408,frequency
1409,head
1410,regulate
1411,proud
1412,reinforce
1413,per
1414,fundamental
1415,listen
1416,paint
1417,salt
1418,develop
1419,radical
1420,menu
1421,seven
1422,fight
1423,again
1424,consumer
1425,bad
1426,prisoner
1427,offense
1428,particularly
1429,unlikely
1430,ride
1431,factor
1432,medium
1433,student
1434,soul
1435,adapt
1436,hair
1437,along
1438,nobody
1439,minister
1440,speaker
1441,immediate
1442,fade
1443,Palestinian
1444,mind
1445,golden
1446,vessel
1447,shape
1448,double
1449,organization
1450,carrier
1451,beat
1452,responsibility
1453,preparation
1454,repeat
1455,country
1456,appeal
1457,generally
1458,funeral
1459,upper
1460,summer
1461,newspaper
1462,dialogue
1463,cheese
1464,inform
1465,Bible
1466,implication
1467,issue
1468,hypothesis
1469,balance
1470,psychology
1471,experience
1472,friendship
1473,Irish
1474,collect
1475,cold
1476,whom
1477,volume
1478,negative
1479,respect
1480,finding
1481,wall
1482,guard
1483,temperature
1484,slightly
1485,CEO
1486,difference
1487,suggest
1488,his
1489,quiet
1490,skin
1491,hey
1492,officer
1493,lack
1494,tunnel
1495,rate
1496,egg
1497,advice
1498,tooth
1499,Asian
1500,camera
1501,self
1502,comfortable
1503,crucial
1504,thus
1505,ah
1506,silver
1507,teaspoon
1508,result
1509,climb
1510,different
1511,briefly
1512,exception
1513,iron
1514,previously
1515,lemon
1516,chain
1517,data
1518,later
1519,politics
1520,freeze
1521,flat
1522,minister
1523,beside
1524,hunter
1525,scope
1526,among
1527,tradition
1528,situation
1529,stranger
1530,working
1531,seven
1532,frequently
1533,planet
1534,assessment
1535,territory
1536,east
1537,station
1538,model
1539,day
1540,usual
1541,researcher
1542,journalist
1543,afraid
1544,tournament
1545,come
1546,perception
1547,inform
1548,apparently
1549,widespread
1550,activist
1551,disorder
1552,generally
1553,decide
1554,head
1555,brown
1556,measurement
1557,tail
1558,son
1559,salary
1560,exactly
1561,protest
1562,unlike
1563,race
1564,regional
1565,location
1566,everybody
1567,raw
1568,moderate
1569,color
1570,normally
1571,form
1572,drug
1573,insight
1574,reputation
1575,call
1576,lost
1577,strongly
1578,location
1579,apparently
1580,gradually
1581,senior
1582,announce
1583,campaign
1584,cop
1585,planet
1586,bunch
1587,anymore
1588,income
1589,final
1590,disaster
1591,ignore
1592,table
1593,used
1594,extent
1595,European
1596,for
1597,fail
1598,master
1599,withdraw
1600,meter
1601,development
1602,taste
1603,so
1604,global
1605,universe
1606,mode
1607,ceremony
1608,nomination
1609,concert
1610,annual
1611,wealthy
1612,picture
1613,feature
1614,borrow
1615,tissue
1616,Latin
1617,contain
1618,party
1619,piano
1620,spirit
1621,load
1622,adapt
1623,face
1624,transformation
1625,bean
1626,everyday
1627,burden
1628,abortion
1629,familiar
1630,pay
1631,visitor
1632,regulation
1633,nine
1634,description
1635,quit
1636,scholar
1637,select
1638,comparison
1639,leadership
1640,fairly
1641,lover
1642,citizen
1643,somewhere
1644,heritage
1645,rid
1646,review
1647,exist
1648,talent
1649,first
1650,about
1651,explain
1652,ticket
1653,biological
1654,civilian
1655,gently
1656,simple
1657,intend
1658,root
1659,dramatic
1660,Catholic
1661,far
1662,nut
1663,graduate
1664,qualify
1665,produce
1666,evaluation
1667,nevertheless
1668,mixture
1669,electricity
1670,please
1671,oven
1672,option
1673,woman
1674,rating
1675,item
1676,culture
1677,stroke
1678,wire
1679,themselves
1680,refer
1681,trace
1682,additional
1683,global
1684,minority
1685,link
1686,track
1687,retain
1688,story
1689,council
1690,window
1691,Indian
1692,variety
1693,apply
1694,journalist
1695,energy
1696,proud
1697,conventional
1698,food
1699,island
1700,lay
1701,breath
1702,vegetable
1703,who
1704,extremely
1705,estate
1706,weigh
1707,insurance
1708,consist
1709,somebody
1710,working
1711,brick
1712,strategy
1713,chocolate
1714,top
1715,background
1716,generally
1717,plus
1718,psychologist
1719,honor
1720,clothes
1721,satisfaction
1722,sand
1723,gallery
1724,impress
1725,principle
1726,sophisticated
1727,instead
1728,press
1729,pain
1730,cause
1731,classic
1732,ocean
1733,similarly
1734,airport
1735,sexual
1736,soil
1737,kind
1738,burden
1739,lawsuit
1740,industry
1741,operating
1742,divorce
1743,appearance
1744,really
1745,truth
1746,incorporate
1747,pop
1748,instruction
1749,space
1750,seriously
1751,seed
1752,intellectual
1753,contribute
1754,shoot
1755,college
1756,defense
1757,withdraw
1758,universe
1759,deep
1760,west
1761,jury
1762,coast
1763,watch
1764,buy
1765,talent
1766,after
1767,will
1768,beyond
1769,conversation
1770,proceed
1771,train
1772,quickly
1773,safe
1774,engineering
1775,conduct
1776,farm
1777,mass
1778,describe
1779,prior
1780,gifted
1781,incredible
1782,announce
1783,pole
1784,compare
1785,move
1786,improvement
1787,impress
1788,cross
1789,arrival
1790,nose
1791,say
1792,production
1793,hearing
1794,seven
1795,future
1796,above
1797,AfricanAmerican
1798,menu
1799,reduction
1800,ensure
1801,bite
1802,elect
1803,slide
1804,represent
1805,asleep
1806,guess
1807,candidate
1808,statistics
1809,else
1810,bell
1811,dream
1812,factor
1813,environmental
1814,organic
1815,suffer
1816,wear
1817,string
1818,joint
1819,review
1820,net
1821,tension
1822,mountain
1823,beauty
1824,attend
1825,growth
1826,leader
1827,commitment
1828,explain
1829,believe
1830,adolescent
1831,remember
1832,himself
1833,observe
1834,sue
1835,hard
1836,available
1837,strip
1838,characterize
1839,additional
1840,approach
1841,trial
1842,intellectual
1843,capacity
1844,permission
1845,humor
1846,request
1847,would
1848,deer
1849,wipe
1850,mortgage
1851,perfectly
1852,assure
1853,funny
1854,before
1855,cut
1856,stone
1857,teenager
1858,equipment
1859,comfort
1860,note
1861,share
1862,business
1863,abandon
1864,illness
1865,Palestinian
1866,actual
1867,critical
1868,fundamental
1869,sheet
1870,blue
1871,require
1872,poll
1873,bedroom
1874,thus
1875,sad
1876,knock
1877,scream
1878,perspective
1879,content
1880,pass
1881,lift
1882,lay
1883,remarkable
1884,whenever
1885,soul
1886,terms
1887,hardly
1888,democracy
1889,hole
1890,educational
1891,requirement
1892,drawing
1893,natural
1894,relative
1895,shirt
1896,energy
1897,cook
1898,video
1899,fabric
1900,all
1901,ok
1902,stroke
1903,tendency
1904,careful
1905,air
1906,incredible
1907,enemy
1908,brain
1909,reply
1910,whisper
1911,thought
1912,appear
1913,convention
1914,line
1915,campus
1916,gentleman
1917,dimension
1918,increase
1919,flame
1920,expose
1921,well
1922,initial
1923,ahead
1924,Jewish
1925,strong
1926,describe
1927,leadership
1928,holiday
1929,bean
1930,correspondent
1931,wild
1932,plastic
1933,journalist
1934,vehicle
1935,child
1936,picture
1937,resident
1938,gaze
1939,qualify
1940,medication
1941,hope
1942,please
1943,plastic
1944,radical
1945,concerned
1946,bet
1947,argue
1948,lucky
1949,possible
1950,submit
1951,four
1952,elsewhere
1953,application
1954,three
1955,data
1956,fewer
1957,others
1958,hair
1959,film
1960,again
1961,pollution
1962,cook
1963,solve
1964,community
1965,individual
1966,impose
1967,whose
1968,spend
1969,comparison
1970,writing
1971,retirement
1972,rough
1973,gray
1974,owe
1975,afford
1976,pilot
1977,hear
1978,offense
1979,appropriate
1980,follow
1981,case
1982,war
1983,unable
1984,overlook
1985,win
1986,marketing
1987,engineer
1988,committee
1989,survival
1990,belt
1991,army
1992,representation
1993,cheek
1994,overlook
1995,point
1996,teach
1997,Mr
1998,mortgage
1999,rhythm
2000,publish
