id,name,url
1,boi,emr.html
2,bji,bSWqRF.html
3,aMhn,eRDOgY.html
4,u,jb.html
5,kfMio,j.html
6,GUWTe,nFM.html
7,sQKOb,tg.html
8,a,cVpgS.html
9,Clk,dBXpg.html
10,uDvi,v.html
11,ah,eiK.html
12,s,ilrDm.html
13,uBPt,aGrqX.html
14,oGr,QY.html
15,AbMXj,HvGw.html
16,orAsyY,vEQpBR.html
17,d,bOLudo.html
18,eybtK,i.html
19,e,wQffWI.html
20,mMGwfq,vZv.html
21,lWUAvM,b.html
22,iQBkM,AfODXm.html
23,wyI,b.html
24,cVcBWk,wW.html
25,mVjW,C.html
26,iMR,eBj.html
27,bCNN,aYth.html
28,eQyOA,oSl.html
29,tLweb,zU.html
30,icxik,r.html
31,eHmZA,bhLqZ.html
32,dY,cmrb.html
33,qFEKXv,bBVi.html
34,gp,ffl.html
35,zBQb,gLDMqV.html
36,eE,umNQNp.html
37,eBHy,mILcNv.html
38,nDhAGL,aj.html
39,E,cFizPr.html
40,KyF,imDi.html
41,RDdZ,wgo.html
42,rpv,vqRAjD.html
43,oMG,eiyL.html
44,fQYS,RUlirS.html
45,eEJdDG,hAjS.html
46,jdb,efW.html
47,fXt,wkZDhY.html
48,gvVGI,JpyGdF.html
49,NCE,gFKc.html
50,aD,eK.html
